,max_depth,min_samples_split,max_leaf_nodes,min_samples_leaf,min_impurity_decrease,accuracy_in_sample,accuracy_out_of_sample
0,none,2,none,1,0.0,0.9999768521197672,0.9243986254295532
1,none,2,none,1,0.0,0.9999768521197672,0.9037800687285223
2,none,2,none,1,0.0,0.9999768521197672,0.9198167239404352
3,none,2,none,1,0.0,0.9999768521197672,0.9152348224513172
4,none,2,none,1,0.0,0.9999768521197672,0.9163802978235968
5,none,2,none,1,0.0,0.9999768521197672,0.9026345933562429
6,none,2,none,1,0.0,0.9999768521197672,0.9266895761741124
7,none,2,none,1,0.0,0.9999768521197672,0.8969072164948454
8,none,2,none,1,0.0,0.9999768521197672,0.9221076746849944
9,none,2,none,1,0.0,0.9999768521197672,0.9095074455899198
10,none,2,none,1,0.0,0.9999768521197672,0.9095074455899198
11,none,2,none,1,0.0,0.9999768521197672,0.9129438717067584
12,none,2,none,1,0.0,0.9999768521197672,0.9175257731958762
13,none,2,none,1,0.0,0.9999768521197672,0.9243986254295532
14,none,2,none,1,0.0,0.9999768521197672,0.9221076746849944
15,none,2,none,1,0.0,0.9999768521197672,0.9221076746849944
16,none,2,none,1,0.0,0.9999768521197672,0.9083619702176404
17,none,2,none,1,0.0,0.9999768521197672,0.9278350515463918
18,none,2,none,1,0.0,0.9999768521197672,0.9186712485681556
19,none,2,none,1,0.0,0.9999768521197672,0.9152348224513172
20,none,2,none,1,0.0,0.9999768521197672,0.8888888888888888
21,none,2,none,1,0.0,0.9999768521197672,0.9037800687285223
22,none,2,none,1,0.0,0.9999768521197672,0.9289805269186712
23,none,2,none,1,0.0,0.9999768521197672,0.8934707903780069
24,none,2,none,1,0.0,0.9999768521197672,0.9072164948453608
25,none,2,none,1,0.0,0.9999768521197672,0.9106529209621992
26,none,2,none,1,0.0,0.9999768521197672,0.9129438717067584
27,none,2,none,1,0.0,0.9999768521197672,0.8911798396334479
28,none,2,none,1,0.0,0.9999768521197672,0.9163802978235968
29,none,2,none,1,0.0,0.9999768521197672,0.9106529209621992
30,none,2,none,1,0.0,0.9999768521197672,0.9129438717067584
31,none,2,none,1,0.0,0.9999768521197672,0.9129438717067584
32,none,2,none,1,0.0,0.9999768521197672,0.9095074455899198
33,none,2,none,1,0.0,0.9999768521197672,0.9152348224513172
34,none,2,none,1,0.0,0.9999768521197672,0.9003436426116839
35,none,2,none,1,0.0,0.9999768521197672,0.9175257731958762
36,none,2,none,1,0.0,0.9999768521197672,0.9060710194730812
37,none,2,none,1,0.0,0.9999768521197672,0.9152348224513172
38,none,2,none,1,0.0,0.9999768521197672,0.9117983963344788
39,none,2,none,1,0.0,0.9999768521197672,0.9221076746849944
40,none,2,none,1,0.0,0.9999768521197672,0.9117983963344788
41,none,2,none,1,0.0,0.9999884260598836,0.9095074455899198
42,none,2,none,1,0.0,0.9999768521197672,0.9243986254295532
43,none,2,none,1,0.0,0.9999768521197672,0.9301260022909508
44,none,2,none,1,0.0,0.9999768521197672,0.9198167239404352
45,none,2,none,1,0.0,0.9999768521197672,0.9140893470790378
46,none,2,none,1,0.0,0.9999768521197672,0.9186712485681556
47,none,2,none,1,0.0,0.9999768521197672,0.9129438717067584
48,none,2,none,1,0.0,0.9999768521197672,0.9209621993127148
49,none,2,none,1,0.0,0.9999768521197672,0.9117983963344788
50,none,2,none,1,0.0,0.9999884260598836,0.9129438717067584
51,none,2,none,1,0.0,0.9999768521197672,0.9152348224513172
52,none,2,none,1,0.0,0.9999768521197672,0.9152348224513172
53,none,2,none,1,0.0,0.9999768521197672,0.9083619702176404
54,none,2,none,1,0.0,0.9999884260598836,0.9381443298969072
55,none,2,none,1,0.0,0.9999768521197672,0.9037800687285223
56,none,2,none,1,0.0,0.9999768521197672,0.9049255441008018
57,none,2,none,1,0.0,0.9999768521197672,0.9175257731958762
58,none,2,none,1,0.0,0.9999768521197672,0.9060710194730812
59,none,2,none,1,0.0,0.9999768521197672,0.9232531500572738
60,none,2,none,1,0.0,0.9999768521197672,0.9152348224513172
61,none,2,none,1,0.0,0.9999768521197672,0.9186712485681556
62,none,2,none,1,0.0,0.9999768521197672,0.8934707903780069
63,none,2,none,1,0.0,0.9999768521197672,0.8946162657502864
64,none,2,none,1,0.0,0.9999884260598836,0.9095074455899198
65,none,2,none,1,0.0,0.9999768521197672,0.9083619702176404
66,none,2,none,1,0.0,0.9999768521197672,0.9060710194730812
67,none,2,none,1,0.0,0.9999768521197672,0.9243986254295532
68,none,2,none,1,0.0,0.9999768521197672,0.9186712485681556
69,none,2,none,1,0.0,0.9999768521197672,0.9175257731958762
70,none,2,none,1,0.0,0.9999768521197672,0.9278350515463918
71,none,2,none,1,0.0,0.9999768521197672,0.9140893470790378
72,none,2,none,1,0.0,0.9999768521197672,0.9232531500572738
73,none,2,none,1,0.0,0.9999768521197672,0.9129438717067584
74,none,2,none,1,0.0,0.9999768523876762,0.9071100917431192
75,none,2,none,1,0.0,0.9999768523876762,0.9197247706422018
76,none,2,none,1,0.0,0.9999768523876762,0.904816513761468
77,none,2,none,1,0.0,0.9999768523876762,0.9105504587155964
78,none,2,none,1,0.0,0.9999768523876762,0.9036697247706422
79,none,2,none,1,0.0,0.9999768523876762,0.9013761467889908
80,none,2,none,1,0.0,0.9999768523876762,0.9197247706422018
81,none,2,none,1,0.0,0.9999768523876762,0.9139908256880734
82,none,2,none,1,0.0,0.9999768523876762,0.9071100917431192
83,none,2,none,1,0.0,0.9999768523876762,0.911697247706422
84,none,2,none,1,0.0,0.9999768523876762,0.893348623853211
85,none,2,none,1,0.0,0.9999768523876762,0.9174311926605504
86,none,2,none,1,0.0,0.9999768523876762,0.9025229357798163
87,none,2,none,1,0.0,0.9999768523876762,0.9243119266055044
88,none,2,none,1,0.0,0.9999768523876762,0.9105504587155964
89,none,2,none,1,0.0,0.9999768523876762,0.9197247706422018
90,none,2,none,1,0.0,0.9999768523876762,0.908256880733945
91,none,2,none,1,0.0,0.9999768523876762,0.9185779816513762
92,none,2,none,1,0.0,0.9999768523876762,0.9208715596330276
93,none,2,none,1,0.0,0.9999768523876762,0.8967889908256881
94,none,2,none,1,0.0,0.9999768523876762,0.9162844036697247
95,none,2,none,1,0.0,0.9999768523876762,0.893348623853211
96,none,2,none,1,0.0,0.9999768523876762,0.9243119266055044
97,none,2,none,1,0.0,0.9999768523876762,0.9151376146788992
98,none,2,none,1,0.0,0.9999768523876762,0.9151376146788992
99,none,2,none,1,0.0,0.9999768523876762,0.9036697247706422
100,none,2,none,2,0.0,0.9837038923160611,0.9243986254295532
101,none,2,none,2,0.0,0.984074258399787,0.9072164948453608
102,none,2,none,2,0.0,0.983831205657342,0.9232531500572738
103,none,2,none,2,0.0,0.9839006492980406,0.9140893470790378
104,none,2,none,2,0.0,0.9839585189986229,0.9106529209621992
105,none,2,none,2,0.0,0.984155275980602,0.9072164948453608
106,none,2,none,2,0.0,0.9835302832143148,0.9392898052691868
107,none,2,none,2,0.0,0.9838543535375748,0.9163802978235968
108,none,2,none,2,0.0,0.9837617620166432,0.9369988545246276
109,none,2,none,2,0.0,0.9834955613939652,0.9243986254295532
110,none,2,none,2,0.0,0.9840279626393214,0.9140893470790378
111,none,2,none,2,0.0,0.9839469450585062,0.9198167239404352
112,none,2,none,2,0.0,0.9838196317172256,0.9186712485681556
113,none,2,none,2,0.0,0.984074258399787,0.9278350515463918
114,none,2,none,2,0.0,0.9842941632619993,0.9243986254295532
115,none,2,none,2,0.0,0.9838543535375748,0.9198167239404352
116,none,2,none,2,0.0,0.983727040196294,0.9117983963344788
117,none,2,none,2,0.0,0.9839585189986229,0.9301260022909508
118,none,2,none,2,0.0,0.983646022615479,0.9312714776632304
119,none,2,none,2,0.0,0.983831205657342,0.9198167239404352
120,none,2,none,2,0.0,0.9842710153817664,0.9152348224513172
121,none,2,none,2,0.0,0.9845372160044444,0.9175257731958762
122,none,2,none,2,0.0,0.9840163886992048,0.9347079037800688
123,none,2,none,2,0.0,0.9840858323399034,0.9060710194730812
124,none,2,none,2,0.0,0.9840048147590884,0.9140893470790378
125,none,2,none,2,0.0,0.9837501880765268,0.9095074455899198
126,none,2,none,2,0.0,0.9840511105195542,0.9163802978235968
127,none,2,none,2,0.0,0.983460839573616,0.9140893470790378
128,none,2,none,2,0.0,0.98425944144165,0.9129438717067584
129,none,2,none,2,0.0,0.9843983287230472,0.9198167239404352
130,none,2,none,2,0.0,0.9836923183759448,0.9209621993127148
131,none,2,none,2,0.0,0.9834839874538488,0.9186712485681556
132,none,2,none,2,0.0,0.9837154662561776,0.9095074455899198
133,none,2,none,2,0.0,0.9838543535375748,0.9266895761741124
134,none,2,none,2,0.0,0.9839006492980406,0.9129438717067584
135,none,2,none,2,0.0,0.9838543535375748,0.9255441008018328
136,none,2,none,2,0.0,0.9838427795974584,0.9152348224513172
137,none,2,none,2,0.0,0.983889075357924,0.9186712485681556
138,none,2,none,2,0.0,0.9839585189986229,0.9106529209621992
139,none,2,none,2,0.0,0.9843288850823486,0.9186712485681556
140,none,2,none,2,0.0,0.9836807444358284,0.9198167239404352
141,none,2,none,2,0.0,0.9837849098968762,0.9221076746849944
142,none,2,none,2,0.0,0.9836344486753624,0.9392898052691868
143,none,2,none,2,0.0,0.9841321281003692,0.9427262313860252
144,none,2,none,2,0.0,0.9838659274776912,0.9209621993127148
145,none,2,none,2,0.0,0.983727040196294,0.9175257731958762
146,none,2,none,2,0.0,0.9843057372021156,0.9289805269186712
147,none,2,none,2,0.0,0.9838427795974584,0.9175257731958762
148,none,2,none,2,0.0,0.9841321281003692,0.9243986254295532
149,none,2,none,2,0.0,0.9840163886992048,0.9221076746849944
150,none,2,none,2,0.0,0.9837501880765268,0.9209621993127148
151,none,2,none,2,0.0,0.9837501880765268,0.9140893470790378
152,none,2,none,2,0.0,0.9838196317172256,0.9186712485681556
153,none,2,none,2,0.0,0.983669170495712,0.9129438717067584
154,none,2,none,2,0.0,0.9835071353340816,0.9381443298969072
155,none,2,none,2,0.0,0.9842131456811842,0.9163802978235968
156,none,2,none,2,0.0,0.9841205541602528,0.9083619702176404
157,none,2,none,2,0.0,0.9839816668788556,0.9221076746849944
158,none,2,none,2,0.0,0.983831205657342,0.9232531500572738
159,none,2,none,2,0.0,0.9842710153817664,0.9312714776632304
160,none,2,none,2,0.0,0.9842015717410678,0.9232531500572738
161,none,2,none,2,0.0,0.9840511105195542,0.9209621993127148
162,none,2,none,2,0.0,0.984155275980602,0.9072164948453608
163,none,2,none,2,0.0,0.9839353711183898,0.9049255441008018
164,none,2,none,2,0.0,0.9839700929387392,0.9175257731958762
165,none,2,none,2,0.0,0.9837038923160611,0.9140893470790378
166,none,2,none,2,0.0,0.9838659274776912,0.9335624284077892
167,none,2,none,2,0.0,0.983912223238157,0.9369988545246276
168,none,2,none,2,0.0,0.9839816668788556,0.9209621993127148
169,none,2,none,2,0.0,0.9840626844596706,0.9037800687285223
170,none,2,none,2,0.0,0.9837733359567598,0.9243986254295532
171,none,2,none,2,0.0,0.9838080577771092,0.9186712485681556
172,none,2,none,2,0.0,0.9843983287230472,0.9266895761741124
173,none,2,none,2,0.0,0.9836344486753624,0.9186712485681556
174,none,2,none,2,0.0,0.9840512951089097,0.9197247706422018
175,none,2,none,2,0.0,0.9835189000254624,0.9311926605504588
176,none,2,none,2,0.0,0.9843522140691188,0.9151376146788992
177,none,2,none,2,0.0,0.9841207379458808,0.911697247706422
178,none,2,none,2,0.0,0.983773523761024,0.911697247706422
179,none,2,none,2,0.0,0.9842596236198236,0.9243119266055044
180,none,2,none,2,0.0,0.9840165736904238,0.9243119266055044
181,none,2,none,2,0.0,0.9837040809240528,0.930045871559633
182,none,2,none,2,0.0,0.9838661142103192,0.9208715596330276
183,none,2,none,2,0.0,0.9841207379458808,0.9208715596330276
184,none,2,none,2,0.0,0.9841554593643664,0.8853211009174312
185,none,2,none,2,0.0,0.9842480498136618,0.9277522935779816
186,none,2,none,2,0.0,0.9841901807828524,0.9139908256880734
187,none,2,none,2,0.0,0.9836577856994052,0.9288990825688074
188,none,2,none,2,0.0,0.9840397213027476,0.9151376146788992
189,none,2,none,2,0.0,0.9839702784657762,0.9243119266055044
190,none,2,none,2,0.0,0.983773523761024,0.9162844036697247
191,none,2,none,2,0.0,0.9841438855582046,0.9243119266055044
192,none,2,none,2,0.0,0.9836809333117288,0.9220183486238532
193,none,2,none,2,0.0,0.984224902201338,0.9002293577981652
194,none,2,none,2,0.0,0.9836114904747576,0.9208715596330276
195,none,2,none,2,0.0,0.983669359505567,0.911697247706422
196,none,2,none,2,0.0,0.9840165736904238,0.9231651376146788
197,none,2,none,2,0.0,0.983576769056272,0.9231651376146788
198,none,2,none,2,0.0,0.9836462118932432,0.9231651376146788
199,none,2,none,2,0.0,0.9836462118932432,0.9174311926605504
200,none,2,none,4,0.0,0.9674888022129372,0.9289805269186712
201,none,2,none,4,0.0,0.9670837143088622,0.9186712485681556
202,none,2,none,4,0.0,0.967292045230958,0.9335624284077892
203,none,2,none,4,0.0,0.9671647318896772,0.9106529209621992
204,none,2,none,4,0.0,0.9671647318896772,0.9198167239404352
205,none,2,none,4,0.0,0.9673846367518896,0.9163802978235968
206,none,2,none,4,0.0,0.9673036191710744,0.9404352806414662
207,none,2,none,4,0.0,0.96702584460828,0.9175257731958762
208,none,2,none,4,0.0,0.9670142706681636,0.9381443298969072
209,none,2,none,4,0.0,0.9675119500931704,0.9324169530355098
210,none,2,none,4,0.0,0.9673614888716566,0.9175257731958762
211,none,2,none,4,0.0,0.967130010069328,0.9163802978235968
212,none,2,none,4,0.0,0.9671647318896772,0.9278350515463918
213,none,2,none,4,0.0,0.9675929676739852,0.9289805269186712
214,none,2,none,4,0.0,0.9668175136861842,0.9312714776632304
215,none,2,none,4,0.0,0.9674656543327044,0.9175257731958762
216,none,2,none,4,0.0,0.9673036191710744,0.9335624284077892
217,none,2,none,4,0.0,0.9670489924885128,0.9243986254295532
218,none,2,none,4,0.0,0.966944827027465,0.9324169530355098
219,none,2,none,4,0.0,0.9674193585722388,0.9266895761741124
220,none,2,none,4,0.0,0.9674193585722388,0.9003436426116839
221,none,2,none,4,0.0,0.9673151931111909,0.9301260022909508
222,none,2,none,4,0.0,0.9676508373745676,0.9392898052691868
223,none,2,none,4,0.0,0.9673614888716566,0.9209621993127148
224,none,2,none,4,0.0,0.9668059397460678,0.9312714776632304
225,none,2,none,4,0.0,0.9671415840094444,0.9221076746849944
226,none,2,none,4,0.0,0.9672110276501428,0.9243986254295532
227,none,2,none,4,0.0,0.9669795488478142,0.9186712485681556
228,none,2,none,4,0.0,0.9676045416141016,0.9266895761741124
229,none,2,none,4,0.0,0.967106862189095,0.9163802978235968
230,none,2,none,4,0.0,0.9668869573268828,0.9278350515463918
231,none,2,none,4,0.0,0.9668290876263006,0.9266895761741124
232,none,2,none,4,0.0,0.9667364961053692,0.9243986254295532
233,none,2,none,4,0.0,0.9673267670513072,0.9289805269186712
234,none,2,none,4,0.0,0.9670605664286293,0.9243986254295532
235,none,2,none,4,0.0,0.967130010069328,0.9392898052691868
236,none,2,none,4,0.0,0.9669911227879306,0.9152348224513172
237,none,2,none,4,0.0,0.9670721403687458,0.9255441008018328
238,none,2,none,4,0.0,0.9676739852548004,0.9243986254295532
239,none,2,none,4,0.0,0.9670837143088622,0.9140893470790378
240,none,2,none,4,0.0,0.9671994537100264,0.9186712485681556
241,none,2,none,4,0.0,0.967292045230958,0.9221076746849944
242,none,2,none,4,0.0,0.9667364961053692,0.9450171821305842
243,none,2,none,4,0.0,0.9672688973507252,0.9381443298969072
244,none,2,none,4,0.0,0.9674077846321224,0.9369988545246276
245,none,2,none,4,0.0,0.9671184361292114,0.9301260022909508
246,none,2,none,4,0.0,0.9669911227879306,0.9301260022909508
247,none,2,none,4,0.0,0.9670837143088622,0.9266895761741124
248,none,2,none,4,0.0,0.9672341755303758,0.9255441008018328
249,none,2,none,4,0.0,0.9674888022129372,0.9221076746849944
250,none,2,none,4,0.0,0.96718787976991,0.9266895761741124
251,none,2,none,4,0.0,0.9673036191710744,0.9369988545246276
252,none,2,none,4,0.0,0.9672573234106088,0.9163802978235968
253,none,2,none,4,0.0,0.9670952882489786,0.9186712485681556
254,none,2,none,4,0.0,0.9671994537100264,0.9415807560137456
255,none,2,none,4,0.0,0.9668985312669992,0.9186712485681556
256,none,2,none,4,0.0,0.9669911227879306,0.9278350515463918
257,none,2,none,4,0.0,0.9672573234106088,0.9209621993127148
258,none,2,none,4,0.0,0.9672688973507252,0.9301260022909508
259,none,2,none,4,0.0,0.96718787976991,0.9392898052691868
260,none,2,none,4,0.0,0.9673036191710744,0.9278350515463918
261,none,2,none,4,0.0,0.9670026967280472,0.9312714776632304
262,none,2,none,4,0.0,0.9673151931111909,0.9186712485681556
263,none,2,none,4,0.0,0.9666323306443212,0.9095074455899198
264,none,2,none,4,0.0,0.9670837143088622,0.9255441008018328
265,none,2,none,4,0.0,0.967662411314684,0.9163802978235968
266,none,2,none,4,0.0,0.9669795488478142,0.9255441008018328
267,none,2,none,4,0.0,0.9669564009675814,0.9369988545246276
268,none,2,none,4,0.0,0.9670721403687458,0.9221076746849944
269,none,2,none,4,0.0,0.9674656543327044,0.9175257731958762
270,none,2,none,4,0.0,0.9667364961053692,0.9221076746849944
271,none,2,none,4,0.0,0.9670374185483964,0.9301260022909508
272,none,2,none,4,0.0,0.9674888022129372,0.9358533791523482
273,none,2,none,4,0.0,0.967130010069328,0.9243986254295532
274,none,2,none,4,0.0,0.96713039050022,0.9208715596330276
275,none,2,none,4,0.0,0.9669567834077916,0.9288990825688074
276,none,2,none,4,0.0,0.9674081618481054,0.930045871559633
277,none,2,none,4,0.0,0.9669567834077916,0.9311926605504588
278,none,2,none,4,0.0,0.9674081618481054,0.9220183486238532
279,none,2,none,4,0.0,0.966574847804449,0.9105504587155964
280,none,2,none,4,0.0,0.9670493738570868,0.9288990825688074
281,none,2,none,4,0.0,0.9673734404296196,0.9277522935779816
282,none,2,none,4,0.0,0.9671651119187056,0.9254587155963304
283,none,2,none,4,0.0,0.9671419643063818,0.9311926605504588
284,none,2,none,4,0.0,0.9675354737158862,0.9128440366972476
285,none,2,none,4,0.0,0.967234554755677,0.9380733944954128
286,none,2,none,4,0.0,0.9673039975926484,0.9197247706422018
287,none,2,none,4,0.0,0.9673850142357816,0.9426605504587156
288,none,2,none,4,0.0,0.9672229809495152,0.9174311926605504
289,none,2,none,4,0.0,0.9676164903590194,0.9288990825688074
290,none,2,none,4,0.0,0.9672461285618388,0.911697247706422
291,none,2,none,4,0.0,0.9672692761741626,0.930045871559633
292,none,2,none,4,0.0,0.9671419643063818,0.9311926605504588
293,none,2,none,4,0.0,0.9676396379713432,0.9094036697247706
294,none,2,none,4,0.0,0.9669336357954676,0.9311926605504588
295,none,2,none,4,0.0,0.9669915048262772,0.9311926605504588
296,none,2,none,4,0.0,0.967107242887896,0.926605504587156
297,none,2,none,4,0.0,0.9666327168352584,0.93348623853211
298,none,2,none,4,0.0,0.9672808499803244,0.9277522935779816
299,none,2,none,4,0.0,0.9670840952755724,0.9311926605504588
300,none,2,none,8,0.0,0.9550005208273052,0.9358533791523482
301,none,2,none,8,0.0,0.9551394081087023,0.9301260022909508
302,none,2,none,8,0.0,0.9551857038691682,0.9289805269186712
303,none,2,none,8,0.0,0.955498200252312,0.9335624284077892
304,none,2,none,8,0.0,0.9551046862883532,0.9335624284077892
305,none,2,none,8,0.0,0.955336165090682,0.9221076746849944
306,none,2,none,8,0.0,0.9548963553662574,0.9507445589919816
307,none,2,none,8,0.0,0.9550352426476544,0.9358533791523482
308,none,2,none,8,0.0,0.954942651126723,0.9450171821305842
309,none,2,none,8,0.0,0.9552667214499831,0.9450171821305842
310,none,2,none,8,0.0,0.954965799006956,0.9335624284077892
311,none,2,none,8,0.0,0.9553130172104488,0.9312714776632304
312,none,2,none,8,0.0,0.9553824608511476,0.9438717067583048
313,none,2,none,8,0.0,0.955394034791264,0.9461626575028635
314,none,2,none,8,0.0,0.9548732074860244,0.9541809851088202
315,none,2,none,8,0.0,0.9558338445156884,0.9324169530355098
316,none,2,none,8,0.0,0.9554171826714968,0.9404352806414662
317,none,2,none,8,0.0,0.9547690420249766,0.9415807560137456
318,none,2,none,8,0.0,0.9548037638453258,0.9473081328751431
319,none,2,none,8,0.0,0.9554287566116132,0.9450171821305842
320,none,2,none,8,0.0,0.955336165090682,0.9312714776632304
321,none,2,none,8,0.0,0.9556486614738255,0.9461626575028635
322,none,2,none,8,0.0,0.9556255135935928,0.9576174112256588
323,none,2,none,8,0.0,0.9554866263121956,0.9369988545246276
324,none,2,none,8,0.0,0.9554750523720792,0.9324169530355098
325,none,2,none,8,0.0,0.955336165090682,0.9473081328751431
326,none,2,none,8,0.0,0.955336165090682,0.9312714776632304
327,none,2,none,8,0.0,0.9553245911505652,0.9255441008018328
328,none,2,none,8,0.0,0.9553708869110312,0.9461626575028635
329,none,2,none,8,0.0,0.9552551475098668,0.9266895761741124
330,none,2,none,8,0.0,0.954780615965093,0.9404352806414662
331,none,2,none,8,0.0,0.9551509820488188,0.9289805269186712
332,none,2,none,8,0.0,0.9553708869110312,0.9450171821305842
333,none,2,none,8,0.0,0.9554056087313804,0.9381443298969072
334,none,2,none,8,0.0,0.9552435735697504,0.9369988545246276
335,none,2,none,8,0.0,0.9551046862883532,0.9461626575028635
336,none,2,none,8,0.0,0.9554171826714968,0.9278350515463918
337,none,2,none,8,0.0,0.9553130172104488,0.9392898052691868
338,none,2,none,8,0.0,0.9552782953900996,0.9404352806414662
339,none,2,none,8,0.0,0.9551509820488188,0.9335624284077892
340,none,2,none,8,0.0,0.9548847814261407,0.9221076746849944
341,none,2,none,8,0.0,0.9553593129709148,0.9324169530355098
342,none,2,none,8,0.0,0.9546301547435794,0.9450171821305842
343,none,2,none,8,0.0,0.955498200252312,0.9541809851088202
344,none,2,none,8,0.0,0.9557181051145242,0.9427262313860252
345,none,2,none,8,0.0,0.9548847814261407,0.9358533791523482
346,none,2,none,8,0.0,0.9548500596057916,0.9335624284077892
347,none,2,none,8,0.0,0.9549889468871888,0.9324169530355098
348,none,2,none,8,0.0,0.9556370875337092,0.9404352806414662
349,none,2,none,8,0.0,0.955289869330216,0.9221076746849944
350,none,2,none,8,0.0,0.9549195032464902,0.9438717067583048
351,none,2,none,8,0.0,0.9550005208273052,0.9507445589919816
352,none,2,none,8,0.0,0.9552204256895176,0.9324169530355098
353,none,2,none,8,0.0,0.9555792178331268,0.9415807560137456
354,none,2,none,8,0.0,0.9547111723243944,0.9576174112256588
355,none,2,none,8,0.0,0.9551394081087023,0.9301260022909508
356,none,2,none,8,0.0,0.9554634784319626,0.9289805269186712
357,none,2,none,8,0.0,0.9555213481325447,0.9438717067583048
358,none,2,none,8,0.0,0.9553708869110312,0.9381443298969072
359,none,2,none,8,0.0,0.955289869330216,0.9518900343642612
360,none,2,none,8,0.0,0.9552088517494012,0.9335624284077892
361,none,2,none,8,0.0,0.954965799006956,0.9358533791523482
362,none,2,none,8,0.0,0.9555676438930104,0.9255441008018328
363,none,2,none,8,0.0,0.9553708869110312,0.9255441008018328
364,none,2,none,8,0.0,0.9553824608511476,0.9392898052691868
365,none,2,none,8,0.0,0.9552551475098668,0.9473081328751431
366,none,2,none,8,0.0,0.9546880244441616,0.9358533791523482
367,none,2,none,8,0.0,0.9548384856656752,0.9392898052691868
368,none,2,none,8,0.0,0.9549773729470724,0.9324169530355098
369,none,2,none,8,0.0,0.9554171826714968,0.9347079037800688
370,none,2,none,8,0.0,0.954965799006956,0.9438717067583048
371,none,2,none,8,0.0,0.954965799006956,0.9392898052691868
372,none,2,none,8,0.0,0.9553477390307984,0.9530355097365406
373,none,2,none,8,0.0,0.9552667214499831,0.9335624284077892
374,none,2,none,8,0.0,0.9553482558274116,0.9369266055045872
375,none,2,none,8,0.0,0.9551283535103354,0.9369266055045872
376,none,2,none,8,0.0,0.9555565843383256,0.9369266055045872
377,none,2,none,8,0.0,0.9550936320918496,0.9392201834862384
378,none,2,none,8,0.0,0.9554639938890304,0.94151376146789
379,none,2,none,8,0.0,0.9554408462767066,0.9243119266055044
380,none,2,none,8,0.0,0.9553366820212496,0.9254587155963304
381,none,2,none,8,0.0,0.9550820582856878,0.94151376146789
382,none,2,none,8,0.0,0.9551862225411448,0.9403669724770642
383,none,2,none,8,0.0,0.9553019606027638,0.9392201834862384
384,none,2,none,8,0.0,0.9552440915719544,0.908256880733945
385,none,2,none,8,0.0,0.9551862225411448,0.944954128440367
386,none,2,none,8,0.0,0.9554524200828683,0.9288990825688074
387,none,2,none,8,0.0,0.9551283535103354,0.9426605504587156
388,none,2,none,8,0.0,0.954839008356288,0.9357798165137616
389,none,2,none,8,0.0,0.9557417652369158,0.9403669724770642
390,none,2,none,8,0.0,0.9553019606027638,0.9254587155963304
391,none,2,none,8,0.0,0.9553019606027638,0.9380733944954128
392,none,2,none,8,0.0,0.9549084511932594,0.9472477064220184
393,none,2,none,8,0.0,0.9554176986643828,0.9185779816513762
394,none,2,none,8,0.0,0.955290386796602,0.9323394495412844
395,none,2,none,8,0.0,0.9548853035809356,0.944954128440367
396,none,2,none,8,0.0,0.9554524200828683,0.9380733944954128
397,none,2,none,8,0.0,0.9549894678363928,0.94151376146789
398,none,2,none,8,0.0,0.9552209439596304,0.9357798165137616
399,none,2,none,8,0.0,0.9550126154487164,0.9438073394495412
400,none,2,none,16,0.0,0.9488431846853624,0.9427262313860252
401,none,2,none,16,0.0,0.9493408641103692,0.9255441008018328
402,none,2,none,16,0.0,0.948993645906876,0.9427262313860252
403,none,2,none,16,0.0,0.9493177162301364,0.9312714776632304
404,none,2,none,16,0.0,0.9492251247092048,0.9358533791523482
405,none,2,none,16,0.0,0.9491904028888556,0.9381443298969072
406,none,2,none,16,0.0,0.9492482725894376,0.9541809851088202
407,none,2,none,16,0.0,0.9492482725894376,0.9461626575028635
408,none,2,none,16,0.0,0.9490862374278076,0.9484536082474226
409,none,2,none,16,0.0,0.9493292901702528,0.9507445589919816
410,none,2,none,16,0.0,0.9490167937871088,0.9415807560137456
411,none,2,none,16,0.0,0.9493292901702528,0.9255441008018328
412,none,2,none,16,0.0,0.9493177162301364,0.9473081328751431
413,none,2,none,16,0.0,0.9492714204696704,0.9518900343642612
414,none,2,none,16,0.0,0.9489010543859446,0.9553264604810996
415,none,2,none,16,0.0,0.9494334556313004,0.9381443298969072
416,none,2,none,16,0.0,0.9491904028888556,0.9507445589919816
417,none,2,none,16,0.0,0.9491788289487392,0.9473081328751431
418,none,2,none,16,0.0,0.9490746634876912,0.9530355097365406
419,none,2,none,16,0.0,0.9491904028888556,0.949599083619702
420,none,2,none,16,0.0,0.9494103077510676,0.9369988545246276
421,none,2,none,16,0.0,0.9493871598708348,0.9415807560137456
422,none,2,none,16,0.0,0.9490399416673418,0.9553264604810996
423,none,2,none,16,0.0,0.9491788289487392,0.9347079037800688
424,none,2,none,16,0.0,0.949097811367924,0.9461626575028635
425,none,2,none,16,0.0,0.9492135507690884,0.9438717067583048
426,none,2,none,16,0.0,0.9491788289487392,0.9427262313860252
427,none,2,none,16,0.0,0.9493524380504856,0.9369988545246276
428,none,2,none,16,0.0,0.9488779065057116,0.9461626575028635
429,none,2,none,16,0.0,0.9489589240865268,0.9415807560137456
430,none,2,none,16,0.0,0.9490862374278076,0.9369988545246276
431,none,2,none,16,0.0,0.9491209592481568,0.9392898052691868
432,none,2,none,16,0.0,0.9494913253318829,0.949599083619702
433,none,2,none,16,0.0,0.9492251247092048,0.9415807560137456
434,none,2,none,16,0.0,0.9490283677272254,0.9461626575028635
435,none,2,none,16,0.0,0.949155681068506,0.9461626575028635
436,none,2,none,16,0.0,0.9493524380504856,0.9347079037800688
437,none,2,none,16,0.0,0.9493871598708348,0.9438717067583048
438,none,2,none,16,0.0,0.9493524380504856,0.9461626575028635
439,none,2,none,16,0.0,0.9493524380504856,0.9404352806414662
440,none,2,none,16,0.0,0.9492482725894376,0.9358533791523482
441,none,2,none,16,0.0,0.9495028992719992,0.9473081328751431
442,none,2,none,16,0.0,0.9490630895475748,0.9541809851088202
443,none,2,none,16,0.0,0.9490515156074584,0.9564719358533792
444,none,2,none,16,0.0,0.949259846529554,0.9461626575028635
445,none,2,none,16,0.0,0.9494103077510676,0.9438717067583048
446,none,2,none,16,0.0,0.9491093853080405,0.9438717067583048
447,none,2,none,16,0.0,0.9493987338109512,0.9358533791523482
448,none,2,none,16,0.0,0.949259846529554,0.9518900343642612
449,none,2,none,16,0.0,0.9492829944097868,0.9369988545246276
450,none,2,none,16,0.0,0.9488431846853624,0.9461626575028635
451,none,2,none,16,0.0,0.949259846529554,0.9507445589919816
452,none,2,none,16,0.0,0.9492482725894376,0.9381443298969072
453,none,2,none,16,0.0,0.9492251247092048,0.9415807560137456
454,none,2,none,16,0.0,0.9488894804458282,0.9553264604810996
455,none,2,none,16,0.0,0.9491672550086224,0.9404352806414662
456,none,2,none,16,0.0,0.9491441071283896,0.9369988545246276
457,none,2,none,16,0.0,0.9491904028888556,0.9461626575028635
458,none,2,none,16,0.0,0.9493524380504856,0.9427262313860252
459,none,2,none,16,0.0,0.949097811367924,0.9576174112256588
460,none,2,none,16,0.0,0.9493755859307184,0.9324169530355098
461,none,2,none,16,0.0,0.9492366986493213,0.9438717067583048
462,none,2,none,16,0.0,0.9493524380504856,0.9152348224513172
463,none,2,none,16,0.0,0.9491209592481568,0.9324169530355098
464,none,2,none,16,0.0,0.9492366986493213,0.9484536082474226
465,none,2,none,16,0.0,0.9489010543859446,0.9392898052691868
466,none,2,none,16,0.0,0.9490862374278076,0.9415807560137456
467,none,2,none,16,0.0,0.9488431846853624,0.9530355097365406
468,none,2,none,16,0.0,0.9493987338109512,0.9473081328751431
469,none,2,none,16,0.0,0.9491441071283896,0.9404352806414662
470,none,2,none,16,0.0,0.9493755859307184,0.9530355097365406
471,none,2,none,16,0.0,0.9492829944097868,0.9369988545246276
472,none,2,none,16,0.0,0.9495376210923484,0.9541809851088202
473,none,2,none,16,0.0,0.9492829944097868,0.9450171821305842
474,none,2,none,16,0.0,0.9490868266938264,0.9461009174311926
475,none,2,none,16,0.0,0.9492835813985788,0.9369266055045872
476,none,2,none,16,0.0,0.949376171847874,0.94151376146789
477,none,2,none,16,0.0,0.9492951552047406,0.9346330275229358
478,none,2,none,16,0.0,0.9492025647554456,0.94151376146789
479,none,2,none,16,0.0,0.9491678433369598,0.9380733944954128
480,none,2,none,16,0.0,0.9489016457952362,0.9380733944954128
481,none,2,none,16,0.0,0.9492141385616074,0.948394495412844
482,none,2,none,16,0.0,0.9491909909492836,0.9461009174311926
483,none,2,none,16,0.0,0.9491215481123122,0.944954128440367
484,none,2,none,16,0.0,0.9495497789403023,0.9185779816513762
485,none,2,none,16,0.0,0.9489942362445314,0.948394495412844
486,none,2,none,16,0.0,0.9492257123677692,0.9403669724770642
487,none,2,none,16,0.0,0.9492835813985788,0.9472477064220184
488,none,2,none,16,0.0,0.9492372861739312,0.9438073394495412
489,none,2,none,16,0.0,0.9492604337862548,0.9380733944954128
490,none,2,none,16,0.0,0.9490521052753408,0.9323394495412844
491,none,2,none,16,0.0,0.9491215481123122,0.944954128440367
492,none,2,none,16,0.0,0.948913219601398,0.948394495412844
493,none,2,none,16,0.0,0.9492604337862548,0.9231651376146788
494,none,2,none,16,0.0,0.9492951552047406,0.94151376146789
495,none,2,none,16,0.0,0.9489595148260456,0.9426605504587156
496,none,2,none,16,0.0,0.9493414504293882,0.944954128440367
497,none,2,none,16,0.0,0.9490173838568552,0.9426605504587156
498,none,2,none,16,0.0,0.9491794171431216,0.9369266055045872
499,none,2,none,16,0.0,0.9492141385616074,0.944954128440367
500,none,2,none,32,0.0,0.9462506220992812,0.9450171821305842
501,none,2,none,32,0.0,0.9464126572609112,0.9301260022909508
502,none,2,none,32,0.0,0.9462506220992812,0.9438717067583048
503,none,2,none,32,0.0,0.9462737699795142,0.9369988545246276
504,none,2,none,32,0.0,0.9464589530213772,0.9381443298969072
505,none,2,none,32,0.0,0.9461811784585826,0.9358533791523482
506,none,2,none,32,0.0,0.9461233087580004,0.9576174112256588
507,none,2,none,32,0.0,0.9464705269614936,0.9473081328751431
508,none,2,none,32,0.0,0.9461464566382334,0.9415807560137456
509,none,2,none,32,0.0,0.9463547875603292,0.949599083619702
510,none,2,none,32,0.0,0.9462043263388156,0.9369988545246276
511,none,2,none,32,0.0,0.9464242312010278,0.9312714776632304
512,none,2,none,32,0.0,0.9463432136202128,0.9438717067583048
513,none,2,none,32,0.0,0.9459728475364868,0.949599083619702
514,none,2,none,32,0.0,0.9463084917998634,0.9541809851088202
515,none,2,none,32,0.0,0.94648210090161,0.9427262313860252
516,none,2,none,32,0.0,0.9463547875603292,0.9473081328751431
517,none,2,none,32,0.0,0.9464126572609112,0.9461626575028635
518,none,2,none,32,0.0,0.9461233087580004,0.9507445589919816
519,none,2,none,32,0.0,0.9462390481591648,0.9473081328751431
520,none,2,none,32,0.0,0.9464010833207948,0.9392898052691868
521,none,2,none,32,0.0,0.9462043263388156,0.9450171821305842
522,none,2,none,32,0.0,0.9463547875603292,0.9530355097365406
523,none,2,none,32,0.0,0.9466904318237056,0.9381443298969072
524,none,2,none,32,0.0,0.946192752398699,0.9473081328751431
525,none,2,none,32,0.0,0.9463663615004456,0.9427262313860252
526,none,2,none,32,0.0,0.9462274742190484,0.9507445589919816
527,none,2,none,32,0.0,0.94648210090161,0.9415807560137456
528,none,2,none,32,0.0,0.9460654390574184,0.9461626575028635
529,none,2,none,32,0.0,0.946215900278932,0.9450171821305842
530,none,2,none,32,0.0,0.9464010833207948,0.9438717067583048
531,none,2,none,32,0.0,0.946134882698117,0.9427262313860252
532,none,2,none,32,0.0,0.9462274742190484,0.9484536082474226
533,none,2,none,32,0.0,0.9464358051411442,0.9415807560137456
534,none,2,none,32,0.0,0.9461001608777676,0.949599083619702
535,none,2,none,32,0.0,0.946296917859747,0.9484536082474226
536,none,2,none,32,0.0,0.9463547875603292,0.9324169530355098
537,none,2,none,32,0.0,0.9462274742190484,0.9369988545246276
538,none,2,none,32,0.0,0.9463084917998634,0.9404352806414662
539,none,2,none,32,0.0,0.9463663615004456,0.9404352806414662
540,none,2,none,32,0.0,0.9462274742190484,0.9312714776632304
541,none,2,none,32,0.0,0.946377935440562,0.9415807560137456
542,none,2,none,32,0.0,0.9460075693568362,0.9530355097365406
543,none,2,none,32,0.0,0.9461580305783498,0.9553264604810996
544,none,2,none,32,0.0,0.9460654390574184,0.9484536082474226
545,none,2,none,32,0.0,0.9463084917998634,0.9392898052691868
546,none,2,none,32,0.0,0.946296917859747,0.9484536082474226
547,none,2,none,32,0.0,0.9463316396800964,0.9381443298969072
548,none,2,none,32,0.0,0.9463084917998634,0.949599083619702
549,none,2,none,32,0.0,0.946296917859747,0.9392898052691868
550,none,2,none,32,0.0,0.9462506220992812,0.9404352806414662
551,none,2,none,32,0.0,0.9463432136202128,0.9518900343642612
552,none,2,none,32,0.0,0.9463895093806785,0.9438717067583048
553,none,2,none,32,0.0,0.9464126572609112,0.9392898052691868
554,none,2,none,32,0.0,0.946030717237069,0.9553264604810996
555,none,2,none,32,0.0,0.9459149778359048,0.9427262313860252
556,none,2,none,32,0.0,0.946215900278932,0.9301260022909508
557,none,2,none,32,0.0,0.9461696045184662,0.9518900343642612
558,none,2,none,32,0.0,0.946377935440562,0.9473081328751431
559,none,2,none,32,0.0,0.9461001608777676,0.9621993127147768
560,none,2,none,32,0.0,0.9463084917998634,0.9461626575028635
561,none,2,none,32,0.0,0.9464126572609112,0.9415807560137456
562,none,2,none,32,0.0,0.9466557100033564,0.9278350515463918
563,none,2,none,32,0.0,0.9463316396800964,0.9347079037800688
564,none,2,none,32,0.0,0.946215900278932,0.9473081328751431
565,none,2,none,32,0.0,0.946296917859747,0.9461626575028635
566,none,2,none,32,0.0,0.9460538651173018,0.9473081328751431
567,none,2,none,32,0.0,0.9460538651173018,0.9461626575028635
568,none,2,none,32,0.0,0.9460770129975348,0.9484536082474226
569,none,2,none,32,0.0,0.9463663615004456,0.9392898052691868
570,none,2,none,32,0.0,0.9464358051411442,0.9507445589919816
571,none,2,none,32,0.0,0.9464705269614936,0.9335624284077892
572,none,2,none,32,0.0,0.9463547875603292,0.9541809851088202
573,none,2,none,32,0.0,0.9462621960393977,0.9438717067583048
574,none,2,none,32,0.0,0.9463669822457812,0.9495412844036696
575,none,2,none,32,0.0,0.946285965602648,0.9403669724770642
576,none,2,none,32,0.0,0.946066063285572,0.9461009174311926
577,none,2,none,32,0.0,0.9462049489595148,0.9438073394495412
578,none,2,none,32,0.0,0.9462165227656768,0.9403669724770642
579,none,2,none,32,0.0,0.9462628179903244,0.9403669724770642
580,none,2,none,32,0.0,0.94629753940881,0.9403669724770642
581,none,2,none,32,0.0,0.946401703664267,0.9472477064220184
582,none,2,none,32,0.0,0.946285965602648,0.9472477064220184
583,none,2,none,32,0.0,0.9462396703780004,0.9380733944954128
584,none,2,none,32,0.0,0.9466679012059906,0.9231651376146788
585,none,2,none,32,0.0,0.946285965602648,0.9461009174311926
586,none,2,none,32,0.0,0.9463901298581052,0.9461009174311926
587,none,2,none,32,0.0,0.9464711465012384,0.9506880733944956
588,none,2,none,32,0.0,0.946309113214972,0.9380733944954128
589,none,2,none,32,0.0,0.9463438346334576,0.9426605504587156
590,none,2,none,32,0.0,0.9463322608272956,0.9369266055045872
591,none,2,none,32,0.0,0.9462396703780004,0.9438073394495412
592,none,2,none,32,0.0,0.9462280965718386,0.9495412844036696
593,none,2,none,32,0.0,0.9464248512765908,0.9311926605504588
594,none,2,none,32,0.0,0.9462280965718386,0.9369266055045872
595,none,2,none,32,0.0,0.9461123585102196,0.9438073394495412
596,none,2,none,32,0.0,0.94629753940881,0.944954128440367
597,none,2,none,32,0.0,0.9461586537348672,0.9564220183486238
598,none,2,none,32,0.0,0.9463785560519432,0.9357798165137616
599,none,2,none,32,0.0,0.9462512441841624,0.9495412844036696
600,none,2,none,64,0.0,0.9439705558963438,0.9461626575028635
601,none,2,none,64,0.0,0.9441673128783232,0.9312714776632304
602,none,2,none,64,0.0,0.9436233376928508,0.9381443298969072
603,none,2,none,64,0.0,0.9441557389382068,0.9369988545246276
604,none,2,none,64,0.0,0.9440631474172752,0.9381443298969072
605,none,2,none,64,0.0,0.9436580595132,0.9347079037800688
606,none,2,none,64,0.0,0.9438779643754124,0.9564719358533792
607,none,2,none,64,0.0,0.9440168516568096,0.9427262313860252
608,none,2,none,64,0.0,0.9439821298364602,0.9461626575028635
609,none,2,none,64,0.0,0.9444103656207684,0.9461626575028635
610,none,2,none,64,0.0,0.9436927813335494,0.9335624284077892
611,none,2,none,64,0.0,0.9442251825789052,0.9278350515463918
612,none,2,none,64,0.0,0.944398791680652,0.9473081328751431
613,none,2,none,64,0.0,0.9439358340759944,0.949599083619702
614,none,2,none,64,0.0,0.9439126861957616,0.9530355097365406
615,none,2,none,64,0.0,0.9440747213573916,0.9392898052691868
616,none,2,none,64,0.0,0.9439474080161108,0.949599083619702
617,none,2,none,64,0.0,0.943924260135878,0.9518900343642612
618,none,2,none,64,0.0,0.9439474080161108,0.9530355097365406
619,none,2,none,64,0.0,0.9440515734771588,0.9415807560137456
620,none,2,none,64,0.0,0.9440747213573916,0.9404352806414662
621,none,2,none,64,0.0,0.9440052777166932,0.9450171821305842
622,none,2,none,64,0.0,0.9439011122556452,0.9564719358533792
623,none,2,none,64,0.0,0.9440978692376244,0.9347079037800688
624,none,2,none,64,0.0,0.9435423201120358,0.9484536082474226
625,none,2,none,64,0.0,0.9439705558963438,0.9473081328751431
626,none,2,none,64,0.0,0.9435191722318028,0.9484536082474226
627,none,2,none,64,0.0,0.944086295297508,0.9381443298969072
628,none,2,none,64,0.0,0.9435075982916864,0.949599083619702
629,none,2,none,64,0.0,0.9439937037765768,0.9450171821305842
630,none,2,none,64,0.0,0.944028425596926,0.9415807560137456
631,none,2,none,64,0.0,0.943577041932385,0.9427262313860252
632,none,2,none,64,0.0,0.943600189812618,0.949599083619702
633,none,2,none,64,0.0,0.9444450874411175,0.9427262313860252
634,none,2,none,64,0.0,0.9439821298364602,0.9461626575028635
635,none,2,none,64,0.0,0.9436233376928508,0.9473081328751431
636,none,2,none,64,0.0,0.944109443177741,0.9324169530355098
637,none,2,none,64,0.0,0.9442367565190216,0.9335624284077892
638,none,2,none,64,0.0,0.9440399995370424,0.9404352806414662
639,none,2,none,64,0.0,0.9440515734771588,0.9392898052691868
640,none,2,none,64,0.0,0.944190460758556,0.9335624284077892
641,none,2,none,64,0.0,0.9440168516568096,0.9427262313860252
642,none,2,none,64,0.0,0.9439474080161108,0.949599083619702
643,none,2,none,64,0.0,0.9438779643754124,0.9564719358533792
644,none,2,none,64,0.0,0.9440515734771588,0.9415807560137456
645,none,2,none,64,0.0,0.9440399995370424,0.9404352806414662
646,none,2,none,64,0.0,0.9439937037765768,0.9450171821305842
647,none,2,none,64,0.0,0.9440631474172752,0.9404352806414662
648,none,2,none,64,0.0,0.9440052777166932,0.9473081328751431
649,none,2,none,64,0.0,0.943600189812618,0.9404352806414662
650,none,2,none,64,0.0,0.9436349116329672,0.9369988545246276
651,none,2,none,64,0.0,0.9439937037765768,0.9484536082474226
652,none,2,none,64,0.0,0.944028425596926,0.9438717067583048
653,none,2,none,64,0.0,0.9444335135010012,0.9438717067583048
654,none,2,none,64,0.0,0.94349602435157,0.9507445589919816
655,none,2,none,64,0.0,0.9436117637527344,0.9427262313860252
656,none,2,none,64,0.0,0.9437275031538986,0.9289805269186712
657,none,2,none,64,0.0,0.9439474080161108,0.949599083619702
658,none,2,none,64,0.0,0.9439937037765768,0.9484536082474226
659,none,2,none,64,0.0,0.9438316686149466,0.9610538373424972
660,none,2,none,64,0.0,0.9440168516568096,0.9415807560137456
661,none,2,none,64,0.0,0.9440631474172752,0.9381443298969072
662,none,2,none,64,0.0,0.9441788868184396,0.9266895761741124
663,none,2,none,64,0.0,0.9440631474172752,0.9381443298969072
664,none,2,none,64,0.0,0.9444335135010012,0.9461626575028635
665,none,2,none,64,0.0,0.9435886158725014,0.9415807560137456
666,none,2,none,64,0.0,0.9435538940521522,0.9450171821305842
667,none,2,none,64,0.0,0.9439358340759944,0.9507445589919816
668,none,2,none,64,0.0,0.9437159292137822,0.9415807560137456
669,none,2,none,64,0.0,0.9440747213573916,0.9392898052691868
670,none,2,none,64,0.0,0.9439705558963438,0.9530355097365406
671,none,2,none,64,0.0,0.9441557389382068,0.9312714776632304
672,none,2,none,64,0.0,0.9439474080161108,0.9518900343642612
673,none,2,none,64,0.0,0.9439821298364602,0.9461626575028635
674,none,2,none,64,0.0,0.9439596305641074,0.948394495412844
675,none,2,none,64,0.0,0.9441332376565356,0.9346330275229358
676,none,2,none,64,0.0,0.9435892687669268,0.944954128440367
677,none,2,none,64,0.0,0.9432536283882318,0.9403669724770642
678,none,2,none,64,0.0,0.9436008425730886,0.9426605504587156
679,none,2,none,64,0.0,0.9434966783176316,0.948394495412844
680,none,2,none,64,0.0,0.9440637948195644,0.9380733944954128
681,none,2,none,64,0.0,0.9439480567579456,0.9472477064220184
682,none,2,none,64,0.0,0.9440290734010788,0.944954128440367
683,none,2,none,64,0.0,0.9436124163792504,0.94151376146789
684,none,2,none,64,0.0,0.9442374019119928,0.9208715596330276
685,none,2,none,64,0.0,0.9443762875859356,0.9529816513761468
686,none,2,none,64,0.0,0.9440059257887548,0.9438073394495412
687,none,2,none,64,0.0,0.9440406472072406,0.9426605504587156
688,none,2,none,64,0.0,0.944121663850374,0.9357798165137616
689,none,2,none,64,0.0,0.9440522210134024,0.94151376146789
690,none,2,none,64,0.0,0.9435892687669268,0.94151376146789
691,none,2,none,64,0.0,0.9434851045114696,0.9518348623853212
692,none,2,none,64,0.0,0.943994351982593,0.948394495412844
693,none,2,none,64,0.0,0.9442026804935072,0.9243119266055044
694,none,2,none,64,0.0,0.944121663850374,0.9346330275229358
695,none,2,none,64,0.0,0.9436239901854124,0.9426605504587156
696,none,2,none,64,0.0,0.9440406472072406,0.9426605504587156
697,none,2,none,64,0.0,0.9439249091456215,0.9552752293577982
698,none,2,none,64,0.0,0.944121663850374,0.9357798165137616
699,none,2,none,64,0.0,0.9435429735422792,0.9461009174311926
700,none,2,none,128,0.0,0.939711345933496,0.9450171821305842
701,none,2,none,128,0.0,0.9399312507957084,0.9221076746849944
702,none,2,none,128,0.0,0.939815511394544,0.9347079037800688
703,none,2,none,128,0.0,0.9407530005439751,0.9324169530355098
704,none,2,none,128,0.0,0.9398618071550098,0.9301260022909508
705,none,2,none,128,0.0,0.9398849550352426,0.9278350515463918
706,none,2,none,128,0.0,0.9396419022927976,0.9518900343642612
707,none,2,none,128,0.0,0.939757641693962,0.9404352806414662
708,none,2,none,128,0.0,0.939653476232914,0.9507445589919816
709,none,2,none,128,0.0,0.9398849550352426,0.9438717067583048
710,none,2,none,128,0.0,0.9397807895741948,0.9369988545246276
711,none,2,none,128,0.0,0.939919676855592,0.9232531500572738
712,none,2,none,128,0.0,0.9398618071550098,0.9461626575028635
713,none,2,none,128,0.0,0.9398502332148934,0.9461626575028635
714,none,2,none,128,0.0,0.9396650501730304,0.949599083619702
715,none,2,none,128,0.0,0.9398039374544276,0.9358533791523482
716,none,2,none,128,0.0,0.9396650501730304,0.949599083619702
717,none,2,none,128,0.0,0.9396419022927976,0.9518900343642612
718,none,2,none,128,0.0,0.939734493813729,0.9427262313860252
719,none,2,none,128,0.0,0.939757641693962,0.9392898052691868
720,none,2,none,128,0.0,0.9398039374544276,0.9358533791523482
721,none,2,none,128,0.0,0.939711345933496,0.9450171821305842
722,none,2,none,128,0.0,0.9396303283526812,0.9530355097365406
723,none,2,none,128,0.0,0.9399081029154756,0.9243986254295532
724,none,2,none,128,0.0,0.9396419022927976,0.9518900343642612
725,none,2,none,128,0.0,0.9397460677538454,0.9415807560137456
726,none,2,none,128,0.0,0.939711345933496,0.9427262313860252
727,none,2,none,128,0.0,0.9398502332148934,0.9301260022909508
728,none,2,none,128,0.0,0.939757641693962,0.9404352806414662
729,none,2,none,128,0.0,0.9397923635143112,0.9369988545246276
730,none,2,none,128,0.0,0.9397692156340784,0.9392898052691868
731,none,2,none,128,0.0,0.9398039374544276,0.9358533791523482
732,none,2,none,128,0.0,0.9404405041608316,0.9473081328751431
733,none,2,none,128,0.0,0.939757641693962,0.9404352806414662
734,none,2,none,128,0.0,0.939734493813729,0.9427262313860252
735,none,2,none,128,0.0,0.9404173562805986,0.949599083619702
736,none,2,none,128,0.0,0.9398965289753592,0.9266895761741124
737,none,2,none,128,0.0,0.9407877223643244,0.9289805269186712
738,none,2,none,128,0.0,0.939757641693962,0.9404352806414662
739,none,2,none,128,0.0,0.9398386592747768,0.9324169530355098
740,none,2,none,128,0.0,0.9408108702445572,0.9266895761741124
741,none,2,none,128,0.0,0.939711345933496,0.9450171821305842
742,none,2,none,128,0.0,0.9396997719933796,0.9450171821305842
743,none,2,none,128,0.0,0.9396419022927976,0.9507445589919816
744,none,2,none,128,0.0,0.9398270853346604,0.9335624284077892
745,none,2,none,128,0.0,0.9397923635143112,0.9358533791523482
746,none,2,none,128,0.0,0.9396881980532632,0.9473081328751431
747,none,2,none,128,0.0,0.939734493813729,0.9415807560137456
748,none,2,none,128,0.0,0.9397229198736126,0.9438717067583048
749,none,2,none,128,0.0,0.9398270853346604,0.9335624284077892
750,none,2,none,128,0.0,0.9397923635143112,0.9358533791523482
751,none,2,none,128,0.0,0.939711345933496,0.9450171821305842
752,none,2,none,128,0.0,0.939815511394544,0.9335624284077892
753,none,2,none,128,0.0,0.9399428247358248,0.9381443298969072
754,none,2,none,128,0.0,0.9396766241131468,0.9484536082474226
755,none,2,none,128,0.0,0.9397460677538454,0.9415807560137456
756,none,2,none,128,0.0,0.9398849550352426,0.9278350515463918
757,none,2,none,128,0.0,0.9396650501730304,0.949599083619702
758,none,2,none,128,0.0,0.9397692156340784,0.9381443298969072
759,none,2,none,128,0.0,0.9396187544125648,0.9541809851088202
760,none,2,none,128,0.0,0.9397692156340784,0.9392898052691868
761,none,2,none,128,0.0,0.9397807895741948,0.9381443298969072
762,none,2,none,128,0.0,0.9398965289753592,0.9266895761741124
763,none,2,none,128,0.0,0.9400469901968728,0.9278350515463918
764,none,2,none,128,0.0,0.9398849550352426,0.9427262313860252
765,none,2,none,128,0.0,0.939734493813729,0.9404352806414662
766,none,2,none,128,0.0,0.9397460677538454,0.9404352806414662
767,none,2,none,128,0.0,0.9398039374544276,0.949599083619702
768,none,2,none,128,0.0,0.940556243561996,0.9358533791523482
769,none,2,none,128,0.0,0.9398618071550098,0.9301260022909508
770,none,2,none,128,0.0,0.9396997719933796,0.9461626575028635
771,none,2,none,128,0.0,0.939815511394544,0.9335624284077892
772,none,2,none,128,0.0,0.9396187544125648,0.9541809851088202
773,none,2,none,128,0.0,0.939734493813729,0.9427262313860252
774,none,2,none,128,0.0,0.9397004698965302,0.9461009174311926
775,none,2,none,128,0.0,0.9398972246012824,0.9243119266055044
776,none,2,none,128,0.0,0.9397699127335016,0.9380733944954128
777,none,2,none,128,0.0,0.9406263743894816,0.9288990825688074
778,none,2,none,128,0.0,0.9397467651211776,0.94151376146789
779,none,2,none,128,0.0,0.9397814865396634,0.9380733944954128
780,none,2,none,128,0.0,0.9397467651211776,0.94151376146789
781,none,2,none,128,0.0,0.9397583389273396,0.9403669724770642
782,none,2,none,128,0.0,0.9397814865396634,0.9380733944954128
783,none,2,none,128,0.0,0.939712043702692,0.9438073394495412
784,none,2,none,128,0.0,0.9399782412444156,0.9174311926605504
785,none,2,none,128,0.0,0.9398972246012824,0.9426605504587156
786,none,2,none,128,0.0,0.9397930603458252,0.9369266055045872
787,none,2,none,128,0.0,0.9397583389273396,0.9392201834862384
788,none,2,none,128,0.0,0.9397699127335016,0.9392201834862384
789,none,2,none,128,0.0,0.9398509293766348,0.9311926605504588
790,none,2,none,128,0.0,0.9397699127335016,0.9369266055045872
791,none,2,none,128,0.0,0.9396310270595588,0.9518348623853212
792,none,2,none,128,0.0,0.939712043702692,0.944954128440367
793,none,2,none,128,0.0,0.939931946019768,0.9231651376146788
794,none,2,none,128,0.0,0.9398625031827968,0.9288990825688074
795,none,2,none,128,0.0,0.9397467651211776,0.9403669724770642
796,none,2,none,128,0.0,0.9397930603458252,0.9357798165137616
797,none,2,none,128,0.0,0.9396657484780444,0.9472477064220184
798,none,2,none,128,0.0,0.9398740769889586,0.9288990825688074
799,none,2,none,128,0.0,0.9397467651211776,0.94151376146789
800,none,2,none,256,0.0,0.9363549032997304,0.9415807560137456
801,none,2,none,256,0.0,0.9365748081619426,0.9198167239404352
802,none,2,none,256,0.0,0.9364706427008946,0.9301260022909508
803,none,2,none,256,0.0,0.9365516602817096,0.9221076746849944
804,none,2,none,256,0.0,0.9364937905811276,0.9278350515463918
805,none,2,none,256,0.0,0.9365285124014768,0.9243986254295532
806,none,2,none,256,0.0,0.9362854596590318,0.9484536082474226
807,none,2,none,256,0.0,0.9364127730003124,0.9358533791523482
808,none,2,none,256,0.0,0.9363780511799632,0.9392898052691868
809,none,2,none,256,0.0,0.9362738857189152,0.949599083619702
810,none,2,none,256,0.0,0.9364590687607782,0.9312714776632304
811,none,2,none,256,0.0,0.9365632342218262,0.9209621993127148
812,none,2,none,256,0.0,0.9363780511799632,0.9392898052691868
813,none,2,none,256,0.0,0.9363433293596138,0.9427262313860252
814,none,2,none,256,0.0,0.9362854596590318,0.9484536082474226
815,none,2,none,256,0.0,0.9364359208805454,0.9335624284077892
816,none,2,none,256,0.0,0.9363780511799632,0.9392898052691868
817,none,2,none,256,0.0,0.9363433293596138,0.9427262313860252
818,none,2,none,256,0.0,0.936320181479381,0.9450171821305842
819,none,2,none,256,0.0,0.9363896251200796,0.9381443298969072
820,none,2,none,256,0.0,0.9364127730003124,0.9358533791523482
821,none,2,none,256,0.0,0.9363664772398468,0.9404352806414662
822,none,2,none,256,0.0,0.9363317554194974,0.9438717067583048
823,none,2,none,256,0.0,0.936505364521244,0.9266895761741124
824,none,2,none,256,0.0,0.9363317554194974,0.9438717067583048
825,none,2,none,256,0.0,0.9363896251200796,0.9381443298969072
826,none,2,none,256,0.0,0.9363549032997304,0.9415807560137456
827,none,2,none,256,0.0,0.9365169384613604,0.9255441008018328
828,none,2,none,256,0.0,0.9363896251200796,0.9381443298969072
829,none,2,none,256,0.0,0.936424346940429,0.9347079037800688
830,none,2,none,256,0.0,0.9364127730003124,0.9358533791523482
831,none,2,none,256,0.0,0.936424346940429,0.9347079037800688
832,none,2,none,256,0.0,0.9363317554194974,0.9438717067583048
833,none,2,none,256,0.0,0.9364359208805454,0.9335624284077892
834,none,2,none,256,0.0,0.9363780511799632,0.9392898052691868
835,none,2,none,256,0.0,0.9363549032997304,0.9415807560137456
836,none,2,none,256,0.0,0.9365285124014768,0.9243986254295532
837,none,2,none,256,0.0,0.9364937905811276,0.9278350515463918
838,none,2,none,256,0.0,0.9364359208805454,0.9335624284077892
839,none,2,none,256,0.0,0.936424346940429,0.9347079037800688
840,none,2,none,256,0.0,0.936505364521244,0.9266895761741124
841,none,2,none,256,0.0,0.9363317554194974,0.9438717067583048
842,none,2,none,256,0.0,0.9363433293596138,0.9427262313860252
843,none,2,none,256,0.0,0.936320181479381,0.9450171821305842
844,none,2,none,256,0.0,0.936424346940429,0.9347079037800688
845,none,2,none,256,0.0,0.936401199060196,0.9369988545246276
846,none,2,none,256,0.0,0.9363317554194974,0.9438717067583048
847,none,2,none,256,0.0,0.9363664772398468,0.9404352806414662
848,none,2,none,256,0.0,0.9363664772398468,0.9404352806414662
849,none,2,none,256,0.0,0.9364127730003124,0.9358533791523482
850,none,2,none,256,0.0,0.9364127730003124,0.9358533791523482
851,none,2,none,256,0.0,0.9363086075392646,0.9461626575028635
852,none,2,none,256,0.0,0.9364590687607782,0.9312714776632304
853,none,2,none,256,0.0,0.936424346940429,0.9347079037800688
854,none,2,none,256,0.0,0.936320181479381,0.9450171821305842
855,none,2,none,256,0.0,0.9364127730003124,0.9358533791523482
856,none,2,none,256,0.0,0.9365632342218262,0.9209621993127148
857,none,2,none,256,0.0,0.9363433293596138,0.9427262313860252
858,none,2,none,256,0.0,0.936401199060196,0.9369988545246276
859,none,2,none,256,0.0,0.936239163898566,0.9530355097365406
860,none,2,none,256,0.0,0.9363896251200796,0.9381443298969072
861,none,2,none,256,0.0,0.936505364521244,0.9266895761741124
862,none,2,none,256,0.0,0.9365400863415932,0.9232531500572738
863,none,2,none,256,0.0,0.9365169384613604,0.9255441008018328
864,none,2,none,256,0.0,0.9363086075392646,0.9461626575028635
865,none,2,none,256,0.0,0.9364359208805454,0.9335624284077892
866,none,2,none,256,0.0,0.9364590687607782,0.9312714776632304
867,none,2,none,256,0.0,0.9362854596590318,0.9484536082474226
868,none,2,none,256,0.0,0.9364127730003124,0.9358533791523482
869,none,2,none,256,0.0,0.9364706427008946,0.9301260022909508
870,none,2,none,256,0.0,0.9362970335991482,0.9473081328751431
871,none,2,none,256,0.0,0.9364937905811276,0.9278350515463918
872,none,2,none,256,0.0,0.9362970335991482,0.9473081328751431
873,none,2,none,256,0.0,0.9364127730003124,0.9358533791523482
874,none,2,none,256,0.0,0.936320918497257,0.944954128440367
875,none,2,none,256,0.0,0.9365292470081712,0.9243119266055044
876,none,2,none,256,0.0,0.9364713779773616,0.930045871559633
877,none,2,none,256,0.0,0.9363903613342284,0.9380733944954128
878,none,2,none,256,0.0,0.9363787875280664,0.9392201834862384
879,none,2,none,256,0.0,0.936436656558876,0.93348623853211
880,none,2,none,256,0.0,0.936425082752714,0.9346330275229358
881,none,2,none,256,0.0,0.9364135089465522,0.9357798165137616
882,none,2,none,256,0.0,0.936425082752714,0.9346330275229358
883,none,2,none,256,0.0,0.9363440661095808,0.9426605504587156
884,none,2,none,256,0.0,0.9366102636513044,0.9162844036697247
885,none,2,none,256,0.0,0.9363324923034188,0.9438073394495412
886,none,2,none,256,0.0,0.936448230365038,0.9323394495412844
887,none,2,none,256,0.0,0.9363787875280664,0.9392201834862384
888,none,2,none,256,0.0,0.9364135089465522,0.9357798165137616
889,none,2,none,256,0.0,0.936436656558876,0.93348623853211
890,none,2,none,256,0.0,0.9363903613342284,0.9380733944954128
891,none,2,none,256,0.0,0.9362746232726096,0.9495412844036696
892,none,2,none,256,0.0,0.9363672137219046,0.9403669724770642
893,none,2,none,256,0.0,0.9365292470081712,0.9243119266055044
894,none,2,none,256,0.0,0.9364829517835236,0.9288990825688074
895,none,2,none,256,0.0,0.9363324923034188,0.9438073394495412
896,none,2,none,256,0.0,0.9364019351403904,0.9369266055045872
897,none,2,none,256,0.0,0.9362746232726096,0.9495412844036696
898,none,2,none,256,0.0,0.9365639684266568,0.9208715596330276
899,none,2,none,256,0.0,0.9363672137219046,0.9403669724770642
900,none,2,none,512,0.0,0.9337276188932998,0.9404352806414662
901,none,2,none,512,0.0,0.9339359498153956,0.9198167239404352
902,none,2,none,512,0.0,0.9338086364741148,0.9324169530355098
903,none,2,none,512,0.0,0.9339359498153956,0.9198167239404352
904,none,2,none,512,0.0,0.9339128019351628,0.9221076746849944
905,none,2,none,512,0.0,0.9339012279950464,0.9232531500572738
906,none,2,none,512,0.0,0.933681323132834,0.9450171821305842
907,none,2,none,512,0.0,0.933785488593882,0.9347079037800688
908,none,2,none,512,0.0,0.9337391928334164,0.9392898052691868
909,none,2,none,512,0.0,0.9337391928334164,0.9392898052691868
910,none,2,none,512,0.0,0.9338317843543478,0.9301260022909508
911,none,2,none,512,0.0,0.9339822455758614,0.9152348224513172
912,none,2,none,512,0.0,0.9337623407136492,0.9369988545246276
913,none,2,none,512,0.0,0.933704471013067,0.9427262313860252
914,none,2,none,512,0.0,0.9336581752526012,0.9473081328751431
915,none,2,none,512,0.0,0.9338433582944642,0.9278350515463918
916,none,2,none,512,0.0,0.9337970625339984,0.9335624284077892
917,none,2,none,512,0.0,0.9337160449531834,0.9415807560137456
918,none,2,none,512,0.0,0.9336928970729506,0.9438717067583048
919,none,2,none,512,0.0,0.9337623407136492,0.9369988545246276
920,none,2,none,512,0.0,0.9337970625339984,0.9335624284077892
921,none,2,none,512,0.0,0.9337970625339984,0.9335624284077892
922,none,2,none,512,0.0,0.9336350273723684,0.949599083619702
923,none,2,none,512,0.0,0.933866506174697,0.9266895761741124
924,none,2,none,512,0.0,0.9336581752526012,0.9473081328751431
925,none,2,none,512,0.0,0.933704471013067,0.9427262313860252
926,none,2,none,512,0.0,0.9337507667735327,0.9381443298969072
927,none,2,none,512,0.0,0.9339128019351628,0.9221076746849944
928,none,2,none,512,0.0,0.9337507667735327,0.9381443298969072
929,none,2,none,512,0.0,0.9337970625339984,0.9335624284077892
930,none,2,none,512,0.0,0.9337970625339984,0.9335624284077892
931,none,2,none,512,0.0,0.9338202104142314,0.9312714776632304
932,none,2,none,512,0.0,0.933681323132834,0.9450171821305842
933,none,2,none,512,0.0,0.9337970625339984,0.9335624284077892
934,none,2,none,512,0.0,0.9337507667735327,0.9381443298969072
935,none,2,none,512,0.0,0.9337507667735327,0.9381443298969072
936,none,2,none,512,0.0,0.9339243758752792,0.9209621993127148
937,none,2,none,512,0.0,0.9339012279950464,0.9232531500572738
938,none,2,none,512,0.0,0.9338086364741148,0.9324169530355098
939,none,2,none,512,0.0,0.9338433582944642,0.9289805269186712
940,none,2,none,512,0.0,0.93388965405493,0.9243986254295532
941,none,2,none,512,0.0,0.9337507667735327,0.9381443298969072
942,none,2,none,512,0.0,0.9337391928334164,0.9392898052691868
943,none,2,none,512,0.0,0.933704471013067,0.9427262313860252
944,none,2,none,512,0.0,0.9338202104142314,0.9312714776632304
945,none,2,none,512,0.0,0.9338549322345806,0.9278350515463918
946,none,2,none,512,0.0,0.9337160449531834,0.9415807560137456
947,none,2,none,512,0.0,0.933785488593882,0.9347079037800688
948,none,2,none,512,0.0,0.9337507667735327,0.9381443298969072
949,none,2,none,512,0.0,0.9338549322345806,0.9278350515463918
950,none,2,none,512,0.0,0.933785488593882,0.9347079037800688
951,none,2,none,512,0.0,0.933681323132834,0.9450171821305842
952,none,2,none,512,0.0,0.9338433582944642,0.9289805269186712
953,none,2,none,512,0.0,0.9338202104142314,0.9312714776632304
954,none,2,none,512,0.0,0.9337276188932998,0.9404352806414662
955,none,2,none,512,0.0,0.9338086364741148,0.9324169530355098
956,none,2,none,512,0.0,0.9339243758752792,0.9209621993127148
957,none,2,none,512,0.0,0.9337276188932998,0.9404352806414662
958,none,2,none,512,0.0,0.9337970625339984,0.9335624284077892
959,none,2,none,512,0.0,0.9336350273723684,0.949599083619702
960,none,2,none,512,0.0,0.933785488593882,0.9347079037800688
961,none,2,none,512,0.0,0.9338549322345806,0.9278350515463918
962,none,2,none,512,0.0,0.933947523755512,0.9186712485681556
963,none,2,none,512,0.0,0.9339128019351628,0.9221076746849944
964,none,2,none,512,0.0,0.933681323132834,0.9450171821305842
965,none,2,none,512,0.0,0.9338086364741148,0.9324169530355098
966,none,2,none,512,0.0,0.9338433582944642,0.9289805269186712
967,none,2,none,512,0.0,0.9336697491927176,0.9461626575028635
968,none,2,none,512,0.0,0.9337623407136492,0.9369988545246276
969,none,2,none,512,0.0,0.9338549322345806,0.9278350515463918
970,none,2,none,512,0.0,0.9337739146537656,0.9358533791523482
971,none,2,none,512,0.0,0.9338780801148134,0.9255441008018328
972,none,2,none,512,0.0,0.933681323132834,0.9450171821305842
973,none,2,none,512,0.0,0.933785488593882,0.9347079037800688
974,none,2,none,512,0.0,0.9337515335293164,0.9380733944954128
975,none,2,none,512,0.0,0.933913566815583,0.9220183486238532
976,none,2,none,512,0.0,0.933809402560126,0.9323394495412844
977,none,2,none,512,0.0,0.933809402560126,0.9323394495412844
978,none,2,none,512,0.0,0.9337283859169928,0.9403669724770642
979,none,2,none,512,0.0,0.933797828753964,0.93348623853211
980,none,2,none,512,0.0,0.9338325501724496,0.930045871559633
981,none,2,none,512,0.0,0.9337515335293164,0.9380733944954128
982,none,2,none,512,0.0,0.933786254947802,0.9346330275229358
983,none,2,none,512,0.0,0.9337515335293164,0.9380733944954128
984,none,2,none,512,0.0,0.9340756001018496,0.9059633027522936
985,none,2,none,512,0.0,0.9337168121108308,0.94151376146789
986,none,2,none,512,0.0,0.9338441239786116,0.9288990825688074
987,none,2,none,512,0.0,0.9337746811416402,0.9357798165137616
988,none,2,none,512,0.0,0.9337746811416402,0.9357798165137616
989,none,2,none,512,0.0,0.9338441239786116,0.9288990825688074
990,none,2,none,512,0.0,0.9338325501724496,0.930045871559633
991,none,2,none,512,0.0,0.9336589430800212,0.9472477064220184
992,none,2,none,512,0.0,0.9337746811416402,0.9357798165137616
993,none,2,none,512,0.0,0.9339367144279068,0.9197247706422018
994,none,2,none,512,0.0,0.9338904192032592,0.9243119266055044
995,none,2,none,512,0.0,0.9337746811416402,0.9357798165137616
996,none,2,none,512,0.0,0.9337746811416402,0.9357798165137616
997,none,2,none,512,0.0,0.9336705168861832,0.9461009174311926
998,none,2,none,512,0.0,0.933913566815583,0.9220183486238532
999,none,2,none,512,0.0,0.9337631073354784,0.9369266055045872
1000,none,2,none,1024,0.0,0.9168065184430736,0.9221076746849943
1001,none,2,none,1024,0.0,0.9169685536047036,0.9060710194730813
1002,none,2,none,1024,0.0,0.9163204129581833,0.9014891179839634
1003,none,2,none,1024,0.0,0.9170495711855187,0.8980526918671249
1004,none,2,none,1024,0.0,0.9164361523593477,0.9049255441008018
1005,none,2,none,1024,0.0,0.9169222578442379,0.9106529209621993
1006,none,2,none,1024,0.0,0.9161583777965533,0.9324169530355098
1007,none,2,none,1024,0.0,0.9163204129581833,0.9163802978235968
1008,none,2,none,1024,0.0,0.916737074802375,0.9289805269186713
1009,none,2,none,1024,0.0,0.9168065184430736,0.9221076746849943
1010,none,2,none,1024,0.0,0.9164245784192313,0.9060710194730813
1011,none,2,none,1024,0.0,0.9164824481198134,0.9003436426116839
1012,none,2,none,1024,0.0,0.9162393953773683,0.9243986254295533
1013,none,2,none,1024,0.0,0.9166907790419092,0.9335624284077892
1014,none,2,none,1024,0.0,0.9167602226826078,0.9266895761741123
1015,none,2,none,1024,0.0,0.9167602226826078,0.9266895761741123
1016,none,2,none,1024,0.0,0.9168296663233064,0.9198167239404352
1017,none,2,none,1024,0.0,0.9162393953773683,0.9243986254295533
1018,none,2,none,1024,0.0,0.9162393953773683,0.9243986254295533
1019,none,2,none,1024,0.0,0.9163204129581833,0.9163802978235968
1020,none,2,none,1024,0.0,0.9169106839041214,0.9117983963344788
1021,none,2,none,1024,0.0,0.9168528142035393,0.9175257731958762
1022,none,2,none,1024,0.0,0.9167023529820256,0.9324169530355098
1023,none,2,none,1024,0.0,0.916551891760512,0.8934707903780069
1024,none,2,none,1024,0.0,0.9162972650779505,0.9186712485681557
1025,none,2,none,1024,0.0,0.9163204129581833,0.9163802978235968
1026,none,2,none,1024,0.0,0.9168296663233064,0.9198167239404352
1027,none,2,none,1024,0.0,0.9164014305389984,0.9083619702176403
1028,none,2,none,1024,0.0,0.9167602226826078,0.9266895761741123
1029,none,2,none,1024,0.0,0.9169569796645872,0.9072164948453608
1030,none,2,none,1024,0.0,0.9163667087186491,0.9117983963344788
1031,none,2,none,1024,0.0,0.9163667087186491,0.9117983963344788
1032,none,2,none,1024,0.0,0.9167139269221422,0.9312714776632303
1033,none,2,none,1024,0.0,0.9164245784192313,0.9060710194730813
1034,none,2,none,1024,0.0,0.9163204129581833,0.9095074455899198
1035,none,2,none,1024,0.0,0.916389856598882,0.9095074455899198
1036,none,2,none,1024,0.0,0.917003275425053,0.9026345933562429
1037,none,2,none,1024,0.0,0.9170379972454022,0.8991981672394044
1038,none,2,none,1024,0.0,0.9163435608384162,0.9140893470790378
1039,none,2,none,1024,0.0,0.916389856598882,0.9095074455899198
1040,none,2,none,1024,0.0,0.9169454057244708,0.9083619702176403
1041,none,2,none,1024,0.0,0.9162625432576011,0.9221076746849943
1042,none,2,none,1024,0.0,0.9166792051017928,0.9347079037800687
1043,none,2,none,1024,0.0,0.9167717966227242,0.9255441008018328
1044,none,2,none,1024,0.0,0.9169222578442379,0.9106529209621993
1045,none,2,none,1024,0.0,0.9168759620837722,0.9152348224513173
1046,none,2,none,1024,0.0,0.9162856911378341,0.9198167239404352
1047,none,2,none,1024,0.0,0.9163667087186491,0.9117983963344788
1048,none,2,none,1024,0.0,0.9169338317843544,0.9095074455899198
1049,none,2,none,1024,0.0,0.9163782826587655,0.9106529209621993
1050,none,2,none,1024,0.0,0.9163667087186491,0.9117983963344788
1051,none,2,none,1024,0.0,0.9168643881436558,0.9163802978235968
1052,none,2,none,1024,0.0,0.9168875360238886,0.9140893470790378
1053,none,2,none,1024,0.0,0.9168643881436558,0.9163802978235968
1054,none,2,none,1024,0.0,0.9167139269221422,0.9312714776632303
1055,none,2,none,1024,0.0,0.9167833705628408,0.9243986254295533
1056,none,2,none,1024,0.0,0.916389856598882,0.9095074455899198
1057,none,2,none,1024,0.0,0.9161468038564369,0.9335624284077892
1058,none,2,none,1024,0.0,0.9163435608384162,0.9140893470790378
1059,none,2,none,1024,0.0,0.9166444832814435,0.9381443298969072
1060,none,2,none,1024,0.0,0.9162162474971355,0.9266895761741123
1061,none,2,none,1024,0.0,0.9164361523593477,0.9049255441008018
1062,none,2,none,1024,0.0,0.916899109964005,0.9129438717067583
1063,none,2,none,1024,0.0,0.9164477262994641,0.9037800687285223
1064,none,2,none,1024,0.0,0.9162278214372519,0.9255441008018328
1065,none,2,none,1024,0.0,0.9163782826587655,0.9106529209621993
1066,none,2,none,1024,0.0,0.9162856911378341,0.9198167239404352
1067,none,2,none,1024,0.0,0.9166213354012106,0.9404352806414662
1068,none,2,none,1024,0.0,0.9168643881436558,0.9163802978235968
1069,none,2,none,1024,0.0,0.9164940220599299,0.9003436426116839
1070,none,2,none,1024,0.0,0.9168065184430736,0.9243986254295533
1071,none,2,none,1024,0.0,0.9164245784192313,0.9060710194730813
1072,none,2,none,1024,0.0,0.9162162474971355,0.9266895761741123
1073,none,2,none,1024,0.0,0.9163435608384162,0.9140893470790378
1074,none,2,none,1024,0.0,0.916703317052846,0.9323394495412844
1075,none,2,none,1024,0.0,0.9169463669822457,0.908256880733945
1076,none,2,none,1024,0.0,0.9163098076433416,0.9174311926605505
1077,none,2,none,1024,0.0,0.916379250480313,0.9105504587155964
1078,none,2,none,1024,0.0,0.9167959075021411,0.9254587155963303
1079,none,2,none,1024,0.0,0.9164023980926368,0.908256880733945
1080,none,2,none,1024,0.0,0.9168769241452744,0.9151376146788991
1081,none,2,none,1024,0.0,0.9168306289206268,0.9197247706422018
1082,none,2,none,1024,0.0,0.9167843336959792,0.9243119266055045
1083,none,2,none,1024,0.0,0.9169000717575982,0.9128440366972477
1084,none,2,none,1024,0.0,0.9171084002685123,0.8922018348623854
1085,none,2,none,1024,0.0,0.9167496122774936,0.9277522935779816
1086,none,2,none,1024,0.0,0.9167959075021411,0.9231651376146789
1087,none,2,none,1024,0.0,0.9162172171940465,0.926605504587156
1088,none,2,none,1024,0.0,0.9162866600310178,0.9197247706422018
1089,none,2,none,1024,0.0,0.9164602671234462,0.9025229357798165
1090,none,2,none,1024,0.0,0.9163561028679892,0.9128440366972477
1091,none,2,none,1024,0.0,0.9162287910002084,0.926605504587156
1092,none,2,none,1024,0.0,0.9167264646651698,0.930045871559633
1093,none,2,none,1024,0.0,0.9169926622068933,0.9036697247706422
1094,none,2,none,1024,0.0,0.9164255457049605,0.9059633027522935
1095,none,2,none,1024,0.0,0.9169000717575982,0.9128440366972477
1096,none,2,none,1024,0.0,0.9161709219693989,0.9311926605504587
1097,none,2,none,1024,0.0,0.9169579407884076,0.9071100917431193
1098,none,2,none,1024,0.0,0.9169463669822457,0.908256880733945
1099,none,2,none,1024,0.0,0.9162982338371797,0.9185779816513762
1100,none,2,none,2048,0.0,0.9138088679529172,0.9198167239404352
1101,none,2,none,2048,0.0,0.9139824770546637,0.9049255441008018
1102,none,2,none,2048,0.0,0.9139824770546637,0.9049255441008018
1103,none,2,none,2048,0.0,0.9140866425157116,0.8946162657502864
1104,none,2,none,2048,0.0,0.9140287728151295,0.9003436426116839
1105,none,2,none,2048,0.0,0.9140403467552459,0.8991981672394044
1106,none,2,none,2048,0.0,0.9136931285517529,0.9335624284077892
1107,none,2,none,2048,0.0,0.9138435897732665,0.9186712485681557
1108,none,2,none,2048,0.0,0.9137972940128007,0.9232531500572738
1109,none,2,none,2048,0.0,0.9138783115936158,0.9152348224513173
1110,none,2,none,2048,0.0,0.9139824770546637,0.9049255441008018
1111,none,2,none,2048,0.0,0.9141097903959445,0.8923253150057274
1112,none,2,none,2048,0.0,0.9137278503721021,0.9301260022909508
1113,none,2,none,2048,0.0,0.9137047024918693,0.9324169530355098
1114,none,2,none,2048,0.0,0.9137972940128007,0.9232531500572738
1115,none,2,none,2048,0.0,0.9137972940128007,0.9232531500572738
1116,none,2,none,2048,0.0,0.9138898855337323,0.9140893470790378
1117,none,2,none,2048,0.0,0.9137741461325679,0.9255441008018328
1118,none,2,none,2048,0.0,0.9138088679529172,0.9221076746849943
1119,none,2,none,2048,0.0,0.9138320158331501,0.9198167239404352
1120,none,2,none,2048,0.0,0.9140056249348966,0.9026345933562429
1121,none,2,none,2048,0.0,0.9139246073540815,0.9106529209621993
1122,none,2,none,2048,0.0,0.9137278503721021,0.9301260022909508
1123,none,2,none,2048,0.0,0.9141445122162938,0.8888888888888888
1124,none,2,none,2048,0.0,0.9137972940128007,0.9232531500572738
1125,none,2,none,2048,0.0,0.9138667376534994,0.9163802978235968
1126,none,2,none,2048,0.0,0.9138320158331501,0.9198167239404352
1127,none,2,none,2048,0.0,0.9139477552343144,0.9083619702176403
1128,none,2,none,2048,0.0,0.9138204418930337,0.9209621993127147
1129,none,2,none,2048,0.0,0.9139709031145473,0.9060710194730813
1130,none,2,none,2048,0.0,0.9139246073540815,0.9106529209621993
1131,none,2,none,2048,0.0,0.9139246073540815,0.9083619702176403
1132,none,2,none,2048,0.0,0.9137509982523351,0.9278350515463918
1133,none,2,none,2048,0.0,0.9139593291744309,0.9072164948453608
1134,none,2,none,2048,0.0,0.9139014594738487,0.9129438717067583
1135,none,2,none,2048,0.0,0.9139593291744309,0.9072164948453608
1136,none,2,none,2048,0.0,0.914017198875013,0.9014891179839634
1137,none,2,none,2048,0.0,0.9140634946354788,0.8969072164948454
1138,none,2,none,2048,0.0,0.9138667376534994,0.9163802978235968
1139,none,2,none,2048,0.0,0.9138551637133829,0.9175257731958762
1140,none,2,none,2048,0.0,0.9139824770546637,0.9049255441008018
1141,none,2,none,2048,0.0,0.9138320158331501,0.9198167239404352
1142,none,2,none,2048,0.0,0.9136815546116365,0.9324169530355098
1143,none,2,none,2048,0.0,0.9138088679529172,0.9221076746849943
1144,none,2,none,2048,0.0,0.913936181294198,0.9095074455899198
1145,none,2,none,2048,0.0,0.9139246073540815,0.9106529209621993
1146,none,2,none,2048,0.0,0.9138551637133829,0.9175257731958762
1147,none,2,none,2048,0.0,0.9138898855337323,0.9140893470790378
1148,none,2,none,2048,0.0,0.913936181294198,0.9095074455899198
1149,none,2,none,2048,0.0,0.9139477552343144,0.9083619702176403
1150,none,2,none,2048,0.0,0.9138435897732665,0.9186712485681557
1151,none,2,none,2048,0.0,0.9139130334139651,0.9117983963344788
1152,none,2,none,2048,0.0,0.9139014594738487,0.9129438717067583
1153,none,2,none,2048,0.0,0.9138898855337323,0.9140893470790378
1154,none,2,none,2048,0.0,0.9137509982523351,0.9278350515463918
1155,none,2,none,2048,0.0,0.9138435897732665,0.9186712485681557
1156,none,2,none,2048,0.0,0.9139246073540815,0.9106529209621993
1157,none,2,none,2048,0.0,0.9137278503721021,0.9301260022909508
1158,none,2,none,2048,0.0,0.913936181294198,0.9095074455899198
1159,none,2,none,2048,0.0,0.91366998067152,0.9358533791523482
1160,none,2,none,2048,0.0,0.9138204418930337,0.9209621993127147
1161,none,2,none,2048,0.0,0.9139593291744309,0.9072164948453608
1162,none,2,none,2048,0.0,0.9139014594738487,0.9129438717067583
1163,none,2,none,2048,0.0,0.9139593291744309,0.9072164948453608
1164,none,2,none,2048,0.0,0.9138898855337323,0.9140893470790378
1165,none,2,none,2048,0.0,0.9140519206953623,0.8980526918671249
1166,none,2,none,2048,0.0,0.9138667376534994,0.9163802978235968
1167,none,2,none,2048,0.0,0.9136468327912871,0.9381443298969072
1168,none,2,none,2048,0.0,0.9139014594738487,0.9129438717067583
1169,none,2,none,2048,0.0,0.9140403467552459,0.8991981672394044
1170,none,2,none,2048,0.0,0.9137857200726843,0.9243986254295533
1171,none,2,none,2048,0.0,0.9139014594738487,0.9129438717067583
1172,none,2,none,2048,0.0,0.9138320158331501,0.9198167239404352
1173,none,2,none,2048,0.0,0.9139477552343144,0.9083619702176403
1174,none,2,none,2048,0.0,0.913740422675401,0.9288990825688074
1175,none,2,none,2048,0.0,0.9139487511863151,0.908256880733945
1176,none,2,none,2048,0.0,0.9138445869308581,0.9185779816513762
1177,none,2,none,2048,0.0,0.9140297678294484,0.9002293577981652
1178,none,2,none,2048,0.0,0.9138330131246962,0.9197247706422018
1179,none,2,none,2048,0.0,0.9139371773801532,0.9094036697247706
1180,none,2,none,2048,0.0,0.9139487511863151,0.908256880733945
1181,none,2,none,2048,0.0,0.91385616073702,0.9174311926605505
1182,none,2,none,2048,0.0,0.91385616073702,0.9174311926605505
1183,none,2,none,2048,0.0,0.9139256035739913,0.9105504587155964
1184,none,2,none,2048,0.0,0.9141802273095531,0.8853211009174312
1185,none,2,none,2048,0.0,0.9137519964815629,0.9277522935779816
1186,none,2,none,2048,0.0,0.9138098655123724,0.9220183486238532
1187,none,2,none,2048,0.0,0.9137982917062105,0.9231651376146789
1188,none,2,none,2048,0.0,0.9139371773801532,0.908256880733945
1189,none,2,none,2048,0.0,0.9140297678294484,0.9002293577981652
1190,none,2,none,2048,0.0,0.9138793083493437,0.9128440366972477
1191,none,2,none,2048,0.0,0.9139024559616675,0.9105504587155964
1192,none,2,none,2048,0.0,0.9137751440938867,0.9254587155963303
1193,none,2,none,2048,0.0,0.9139950464109627,0.9036697247706422
1194,none,2,none,2048,0.0,0.9140413416356102,0.8990825688073395
1195,none,2,none,2048,0.0,0.9139718987986389,0.9059633027522935
1196,none,2,none,2048,0.0,0.9137982917062105,0.9231651376146789
1197,none,2,none,2048,0.0,0.9139718987986389,0.9059633027522935
1198,none,2,none,2048,0.0,0.913960324992477,0.9071100917431193
1199,none,2,none,2048,0.0,0.9138793083493437,0.9151376146788991
1200,none,2,none,4096,0.0,0.8913438501869191,0.8969072164948454
1201,none,2,none,4096,0.0,0.8914017198875013,0.8911798396334479
1202,none,2,none,4096,0.0,0.8915521811090149,0.8762886597938144
1203,none,2,none,4096,0.0,0.8914017198875013,0.8911798396334479
1204,none,2,none,4096,0.0,0.8915406071688985,0.8774341351660939
1205,none,2,none,4096,0.0,0.8913554241270356,0.8957617411225659
1206,none,2,none,4096,0.0,0.8912396847258712,0.9072164948453608
1207,none,2,none,4096,0.0,0.8916563465700629,0.865979381443299
1208,none,2,none,4096,0.0,0.8913554241270356,0.8957617411225659
1209,none,2,none,4096,0.0,0.8914364417078506,0.8877434135166093
1210,none,2,none,4096,0.0,0.8913207023066863,0.8991981672394044
1211,none,2,none,4096,0.0,0.8915290332287821,0.8785796105383734
1212,none,2,none,4096,0.0,0.8913785720072684,0.8934707903780069
1213,none,2,none,4096,0.0,0.8913207023066863,0.8991981672394044
1214,none,2,none,4096,0.0,0.8914132938276177,0.8900343642611683
1215,none,2,none,4096,0.0,0.8912975544264534,0.9014891179839634
1216,none,2,none,4096,0.0,0.8912165368456384,0.9095074455899198
1217,none,2,none,4096,0.0,0.8913438501869191,0.8969072164948454
1218,none,2,none,4096,0.0,0.891285980486337,0.9026345933562429
1219,none,2,none,4096,0.0,0.8914595895880835,0.8854524627720504
1220,none,2,none,4096,0.0,0.8913438501869191,0.8969072164948454
1221,none,2,none,4096,0.0,0.891285980486337,0.9026345933562429
1222,none,2,none,4096,0.0,0.8913438501869191,0.8969072164948454
1223,none,2,none,4096,0.0,0.8915290332287821,0.8785796105383734
1224,none,2,none,4096,0.0,0.8913207023066863,0.8991981672394044
1225,none,2,none,4096,0.0,0.8914364417078506,0.8877434135166093
1226,none,2,none,4096,0.0,0.8913554241270356,0.8957617411225659
1227,none,2,none,4096,0.0,0.8914132938276177,0.8900343642611683
1228,none,2,none,4096,0.0,0.8913322762468027,0.8980526918671249
1229,none,2,none,4096,0.0,0.8914943114084328,0.8820160366552119
1230,none,2,none,4096,0.0,0.8913554241270356,0.8957617411225659
1231,none,2,none,4096,0.0,0.8914943114084328,0.8820160366552119
1232,none,2,none,4096,0.0,0.8914248677677342,0.8888888888888888
1233,none,2,none,4096,0.0,0.8915984768694807,0.8717067583046965
1234,none,2,none,4096,0.0,0.8915753289892479,0.8739977090492554
1235,none,2,none,4096,0.0,0.8915058853485492,0.8808705612829324
1236,none,2,none,4096,0.0,0.8915521811090149,0.8762886597938144
1237,none,2,none,4096,0.0,0.8915984768694807,0.8717067583046965
1238,none,2,none,4096,0.0,0.8914827374683163,0.8831615120274914
1239,none,2,none,4096,0.0,0.8914711635281999,0.8843069873997709
1240,none,2,none,4096,0.0,0.8914364417078506,0.8877434135166093
1241,none,2,none,4096,0.0,0.8913554241270356,0.8957617411225659
1242,none,2,none,4096,0.0,0.891204962905522,0.9106529209621993
1243,none,2,none,4096,0.0,0.8912975544264534,0.9014891179839634
1244,none,2,none,4096,0.0,0.8914364417078506,0.8877434135166093
1245,none,2,none,4096,0.0,0.8913438501869191,0.8969072164948454
1246,none,2,none,4096,0.0,0.8913901459473849,0.8923253150057274
1247,none,2,none,4096,0.0,0.8914595895880835,0.8854524627720504
1248,none,2,none,4096,0.0,0.8914017198875013,0.8911798396334479
1249,none,2,none,4096,0.0,0.8915406071688985,0.8774341351660939
1250,none,2,none,4096,0.0,0.8914711635281999,0.8843069873997709
1251,none,2,none,4096,0.0,0.8914364417078506,0.8877434135166093
1252,none,2,none,4096,0.0,0.8914595895880835,0.8854524627720504
1253,none,2,none,4096,0.0,0.8912512586659876,0.9060710194730813
1254,none,2,none,4096,0.0,0.8911702410851726,0.9140893470790378
1255,none,2,none,4096,0.0,0.8915058853485492,0.8808705612829324
1256,none,2,none,4096,0.0,0.8914827374683163,0.8831615120274914
1257,none,2,none,4096,0.0,0.891366998067152,0.8946162657502864
1258,none,2,none,4096,0.0,0.8913207023066863,0.8991981672394044
1259,none,2,none,4096,0.0,0.8911933889654055,0.9117983963344788
1260,none,2,none,4096,0.0,0.8915174592886657,0.8797250859106529
1261,none,2,none,4096,0.0,0.891366998067152,0.8946162657502864
1262,none,2,none,4096,0.0,0.891448015647967,0.8865979381443299
1263,none,2,none,4096,0.0,0.8915174592886657,0.8797250859106529
1264,none,2,none,4096,0.0,0.8913322762468027,0.8980526918671249
1265,none,2,none,4096,0.0,0.8914248677677342,0.8888888888888888
1266,none,2,none,4096,0.0,0.8912165368456384,0.9095074455899198
1267,none,2,none,4096,0.0,0.8912281107857548,0.9083619702176403
1268,none,2,none,4096,0.0,0.8913901459473849,0.8923253150057274
1269,none,2,none,4096,0.0,0.8915637550491313,0.8751431844215349
1270,none,2,none,4096,0.0,0.8912165368456384,0.9095074455899198
1271,none,2,none,4096,0.0,0.891366998067152,0.8946162657502864
1272,none,2,none,4096,0.0,0.8912281107857548,0.9083619702176403
1273,none,2,none,4096,0.0,0.8912512586659876,0.9060710194730813
1274,none,2,none,4096,0.0,0.8912988125274878,0.9013761467889908
1275,none,2,none,4096,0.0,0.8914724196199162,0.8841743119266054
1276,none,2,none,4096,0.0,0.8914145505891067,0.8899082568807339
1277,none,2,none,4096,0.0,0.8914376982014305,0.8876146788990825
1278,none,2,none,4096,0.0,0.8913451077521354,0.8967889908256881
1279,none,2,none,4096,0.0,0.8914376982014305,0.8876146788990825
1280,none,2,none,4096,0.0,0.8915187148445638,0.8795871559633027
1281,none,2,none,4096,0.0,0.8913335339459735,0.8979357798165137
1282,none,2,none,4096,0.0,0.8913103863336497,0.9002293577981652
1283,none,2,none,4096,0.0,0.8915534362630495,0.8761467889908257
1284,none,2,none,4096,0.0,0.8915881576815351,0.8727064220183486
1285,none,2,none,4096,0.0,0.891391402976783,0.8922018348623854
1286,none,2,none,4096,0.0,0.8913566815582973,0.8956422018348624
1287,none,2,none,4096,0.0,0.8914145505891067,0.8899082568807339
1288,none,2,none,4096,0.0,0.8914724196199162,0.8841743119266054
1289,none,2,none,4096,0.0,0.8914839934260781,0.8830275229357798
1290,none,2,none,4096,0.0,0.8913566815582973,0.8956422018348624
1291,none,2,none,4096,0.0,0.8912293696905165,0.908256880733945
1292,none,2,none,4096,0.0,0.8913219601398116,0.8990825688073395
1293,none,2,none,4096,0.0,0.8915071410384019,0.8807339449541285
1294,none,2,none,4096,0.0,0.8914145505891067,0.8899082568807339
1295,none,2,none,4096,0.0,0.8914839934260781,0.8830275229357798
1296,none,2,none,4096,0.0,0.8912177958843546,0.9094036697247706
1297,none,2,none,4096,0.0,0.8913219601398116,0.8990825688073395
1298,none,2,none,4096,0.0,0.8914145505891067,0.8899082568807339
1299,none,2,none,4096,0.0,0.89149556723224,0.8818807339449541
1300,none,2,none,8192,0.0,0.8650247103621486,0.8648339060710195
1301,none,2,none,8192,0.0,0.8650941540028472,0.8579610538373424
1302,none,2,none,8192,0.0,0.8651520237034294,0.852233676975945
1303,none,2,none,8192,0.0,0.8650478582423815,0.8625429553264605
1304,none,2,none,8192,0.0,0.8650825800627308,0.8591065292096219
1305,none,2,none,8192,0.0,0.8650941540028472,0.8579610538373424
1306,none,2,none,8192,0.0,0.8648395273202857,0.8831615120274914
1307,none,2,none,8192,0.0,0.8651983194638951,0.847651775486827
1308,none,2,none,8192,0.0,0.8649899885417993,0.868270332187858
1309,none,2,none,8192,0.0,0.8650941540028472,0.8579610538373424
1310,none,2,none,8192,0.0,0.8650015624819157,0.8671248568155785
1311,none,2,none,8192,0.0,0.8649668406615664,0.870561282932417
1312,none,2,none,8192,0.0,0.8648279533801692,0.8843069873997709
1313,none,2,none,8192,0.0,0.8649899885417993,0.868270332187858
1314,none,2,none,8192,0.0,0.8649784146016829,0.8694158075601375
1315,none,2,none,8192,0.0,0.8648973970208678,0.8774341351660939
1316,none,2,none,8192,0.0,0.8648973970208678,0.8774341351660939
1317,none,2,none,8192,0.0,0.8648973970208678,0.8774341351660939
1318,none,2,none,8192,0.0,0.86495526672145,0.8717067583046965
1319,none,2,none,8192,0.0,0.8649321188412171,0.8739977090492554
1320,none,2,none,8192,0.0,0.8651983194638951,0.847651775486827
1321,none,2,none,8192,0.0,0.8650131364220321,0.865979381443299
1322,none,2,none,8192,0.0,0.8651867455237786,0.8487972508591065
1323,none,2,none,8192,0.0,0.8651057279429636,0.856815578465063
1324,none,2,none,8192,0.0,0.8650825800627308,0.8591065292096219
1325,none,2,none,8192,0.0,0.8651520237034294,0.852233676975945
1326,none,2,none,8192,0.0,0.8650015624819157,0.8671248568155785
1327,none,2,none,8192,0.0,0.8650825800627308,0.8591065292096219
1328,none,2,none,8192,0.0,0.865036284302265,0.86368843069874
1329,none,2,none,8192,0.0,0.8650594321824979,0.861397479954181
1330,none,2,none,8192,0.0,0.8648163794400527,0.8854524627720504
1331,none,2,none,8192,0.0,0.8652446152243608,0.843069873997709
1332,none,2,none,8192,0.0,0.8650941540028472,0.8579610538373424
1333,none,2,none,8192,0.0,0.8652330412842444,0.8442153493699885
1334,none,2,none,8192,0.0,0.8650478582423815,0.8625429553264605
1335,none,2,none,8192,0.0,0.8649899885417993,0.868270332187858
1336,none,2,none,8192,0.0,0.8651057279429636,0.856815578465063
1337,none,2,none,8192,0.0,0.865140449763313,0.8533791523482245
1338,none,2,none,8192,0.0,0.8649436927813335,0.872852233676976
1339,none,2,none,8192,0.0,0.8650825800627308,0.8591065292096219
1340,none,2,none,8192,0.0,0.8651867455237786,0.8487972508591065
1341,none,2,none,8192,0.0,0.86495526672145,0.8717067583046965
1342,none,2,none,8192,0.0,0.8649668406615664,0.870561282932417
1343,none,2,none,8192,0.0,0.865140449763313,0.8533791523482245
1344,none,2,none,8192,0.0,0.8650131364220321,0.865979381443299
1345,none,2,none,8192,0.0,0.8650478582423815,0.8625429553264605
1346,none,2,none,8192,0.0,0.8649899885417993,0.868270332187858
1347,none,2,none,8192,0.0,0.8648395273202857,0.8831615120274914
1348,none,2,none,8192,0.0,0.8649668406615664,0.870561282932417
1349,none,2,none,8192,0.0,0.8650594321824979,0.861397479954181
1350,none,2,none,8192,0.0,0.865036284302265,0.86368843069874
1351,none,2,none,8192,0.0,0.86495526672145,0.8717067583046965
1352,none,2,none,8192,0.0,0.8650941540028472,0.8579610538373424
1353,none,2,none,8192,0.0,0.8649436927813335,0.872852233676976
1354,none,2,none,8192,0.0,0.8649321188412171,0.8739977090492554
1355,none,2,none,8192,0.0,0.8650478582423815,0.8625429553264605
1356,none,2,none,8192,0.0,0.8651520237034294,0.852233676975945
1357,none,2,none,8192,0.0,0.8648973970208678,0.8774341351660939
1358,none,2,none,8192,0.0,0.8649784146016829,0.8694158075601375
1359,none,2,none,8192,0.0,0.8648395273202857,0.8831615120274914
1360,none,2,none,8192,0.0,0.8651520237034294,0.852233676975945
1361,none,2,none,8192,0.0,0.8651057279429636,0.856815578465063
1362,none,2,none,8192,0.0,0.8649899885417993,0.868270332187858
1363,none,2,none,8192,0.0,0.8651057279429636,0.856815578465063
1364,none,2,none,8192,0.0,0.8650710061226143,0.8602520045819015
1365,none,2,none,8192,0.0,0.865036284302265,0.86368843069874
1366,none,2,none,8192,0.0,0.8649668406615664,0.870561282932417
1367,none,2,none,8192,0.0,0.8648742491406349,0.8797250859106529
1368,none,2,none,8192,0.0,0.8650825800627308,0.8591065292096219
1369,none,2,none,8192,0.0,0.8651520237034294,0.852233676975945
1370,none,2,none,8192,0.0,0.8648511012604021,0.8820160366552119
1371,none,2,none,8192,0.0,0.8650015624819157,0.8671248568155785
1372,none,2,none,8192,0.0,0.8647585097394707,0.8911798396334479
1373,none,2,none,8192,0.0,0.8649205449011007,0.8751431844215349
1374,none,2,none,8192,0.0,0.8649105344783685,0.8761467889908257
1375,none,2,none,8192,0.0,0.8649568297030161,0.8715596330275229
1376,none,2,none,8192,0.0,0.8649105344783685,0.8761467889908257
1377,none,2,none,8192,0.0,0.8651420106016064,0.8532110091743119
1378,none,2,none,8192,0.0,0.865072567764635,0.8600917431192661
1379,none,2,none,8192,0.0,0.8650262725399875,0.8646788990825688
1380,none,2,none,8192,0.0,0.8650146987338256,0.8658256880733946
1381,none,2,none,8192,0.0,0.864968403509178,0.8704128440366973
1382,none,2,none,8192,0.0,0.8648410916413972,0.8830275229357798
1383,none,2,none,8192,0.0,0.8651883058262541,0.8486238532110092
1384,none,2,none,8192,0.0,0.8653966343371681,0.8279816513761468
1385,none,2,none,8192,0.0,0.8648758130598829,0.8795871559633027
1386,none,2,none,8192,0.0,0.8651188629892826,0.8555045871559633
1387,none,2,none,8192,0.0,0.8650609939584731,0.8612385321100917
1388,none,2,none,8192,0.0,0.8650841415707969,0.8589449541284404
1389,none,2,none,8192,0.0,0.8650494201523113,0.8623853211009175
1390,none,2,none,8192,0.0,0.8649568297030161,0.8715596330275229
1391,none,2,none,8192,0.0,0.8649568297030161,0.8715596330275229
1392,none,2,none,8192,0.0,0.8648526654475591,0.8818807339449541
1393,none,2,none,8192,0.0,0.8650378463461494,0.8635321100917431
1394,none,2,none,8192,0.0,0.8650841415707969,0.8589449541284404
1395,none,2,none,8192,0.0,0.8651420106016064,0.8532110091743119
1396,none,2,none,8192,0.0,0.865072567764635,0.8600917431192661
1397,none,2,none,8192,0.0,0.864968403509178,0.8704128440366973
1398,none,2,none,8192,0.0,0.8649221082845304,0.875
1399,none,2,none,8192,0.0,0.8649799773153399,0.8692660550458715
